id	page	class	headline	n_words	n_clauses	violation	body
I101	17	EVERGREEN	Teams must be registered with FIRST.	124	0		Teams must be "competition ready" in order to compete in FIRST Tech Challenge official events and earn MATCH points or be eligible for judged awards.   A.North America - competition ready requirements:  i.complete annual registration process through the FIRST dashboard   ii.pay annual registration fee  iii.2 adults must be assigned in the Lead Coach 1/Lead Coach 2 roles and have passed  Youth Protection Program (YPP) screening, and  iv.complete any additional Youth Protection screening requirements (may vary from  region to region.  v.register all youth team members on the FIRST dashboard  B.outside North America - competition ready requirements:  i.complete annual registration process through the FIRST dashboard and   ii.complete any additional requirements by the local FIRST Program Delivery Partner  with regards to program fees, registrations and youth protection screening.
I102	17	EVERGREEN	Check-in at the event on time.	120	0		Teams must check-in by the check-in deadline listed on the public event schedule or as instructed by the Event Director per E105. Check-in must be completed by a team  adult and at least one STUDENT must be present at the venue before check-in can be completed.   Additional check-in requirements will vary by region but may require one or more of the following items:   A.A current, completed team roster from the team's FIRST dashboard as specified by the local  Program Delivery Partner,  B.local Program Delivery Partner team member registration or consent forms (varies by  region),  C.a ROBOT built to play the current season's game if they intend to participate in MATCHES,  and   D.printed team PORTFOLIO (optional, see section 6 Awards (A))
I103	17	EVERGREEN	A responsible adult must be present for the whole event.	448	0		At least 1, preferably 2, adult(s) responsible for the STUDENT team members must be present at all times during the event. Adults attending FIRST Tech Challenge events are expected to follow the same competition manual rules which dictate  behavioral norms as youth participants while also following the FIRSTCode of Conduct. Responsible  adults must be listed on the team roster.  3.2 Awards Eligibility Rules  To be eligible for team judged awards a team must attend their assigned structured interview time (A203). For  some awards submitting a PORTFOLIO as requested by the Event Director (A202) is also a required  prerequisite. Complete details and rules about FIRST Tech Challenge awards can be found in section 6 Awards  (A).  3.3 MATCH Eligibility Rules  This section describes the rules governing MATCH participation. A team has participated in a MATCH if any  member of their DRIVE TEAM is in the ALLIANCE AREA, with or without the ROBOT on the FIELD, at the start of  the MATCH.  This section describes the rules and requirements for team participation in MATCH play. ROBOTS are required  to pass ROBOT inspections before being allowed to compete. These inspections are to help ensure that all  section 12 ROBOT Construction Rules (R) are satisfied.  At each event, the Lead ROBOT INSPECTOR (LRI) has final authority on the legality of any COMPONENT,  MECHANISM, or ROBOT. INSPECTORS may re-inspect ROBOTS at any time to ensure compliance with the  rules. Teams are expected to consult with INSPECTORS or the LRI if they have any questions regarding the  legality of a ROBOT or about how to make a ROBOT legal.  The inspection process may progress in blocks, i.e., it may pause for a team to make a correction or participate  in a scheduled Practice MATCH. The process may employ various INSPECTORS throughout the process based  on availability. At the team's discretion, they may request a different INSPECTOR or invite the LRI to participate  in their ROBOT'S inspection.  Events may assign specific inspection time slots for teams to better facilitate a quick and orderly inspection  process. Teams should plan to report to their assigned inspection times fully ready to complete inspection.   Prior to the start of a MATCH, any ROBOT which is unable or ineligible to participate in that MATCH, as  determined by the team, FIRST Technical Advisor (FTA), LRI, or Head REFEREE, is DISABLED and can be  removed from the FIELD with permission of the Head REFEREE or FTA. A team whose ROBOT is DISABLED or  not present is eligible to receive Qualification MATCH Points or Playoff MATCH points provided that its ROBOT  has passed inspection, per I302, and as long as at least one STUDENT DRIVE TEAM member is present in the  ALLIANCE AREA.
I301	19	EVERGREEN	It is your team's ROBOT.	76	0		The ROBOT and its MAJOR MECHANISMS must be built by the FIRST Tech Challenge team that has registered for the event and intends to use the ROBOT to participate in  MATCHES or as part of judged awards.   A MAJOR MECHANISM is a group of COMPONENTS and/or MECHANISMS assembled together to  address at least 1 game challenge: ROBOT movement, SCORING ELEMENT manipulation, FIELD  element manipulation, or performance of a scorable task without the assistance of another ROBOT.
I302	19	EVERGREEN	Enter only 1 ROBOT.	32	0	VERBAL WARNING. RED CARD if not corrected.	Each team may only inspect and play MATCHES with 1 ROBOT at a FIRST Tech Challenge event. Each FIRST Tech Challenge team may only participate in 1 concurrent event at a time.
I303	19	EVERGREEN	Get inspected before playing a Qualification/Playoff MATCH.	52	0	If prior to the start of the MATCH, the team is DISQUALIFIED and not eligible toparticipate in  the MATCH. If after the start of the MATCH, the team receives a REDCARD for that MATCH.	A team is only permitted to participate in a Qualification or Playoff MATCH and receive RANKING POINTS if their ROBOT has passed an initial,  complete inspection. INSPECTORS are available to help, but teams are expected to ensure their ROBOT  and other supporting equipment are within the rules at all times when competing.
I304	20	EVERGREEN	Bring the complete ROBOT and supporting equipment to inspection.	160	0		At the time of inspection, the OPERATOR CONSOLE and the ROBOT with battery must be presented with all MECHANISMS (including  all COMPONENTS of each MECHANISM), configurations, and decorations that will be used on the  ROBOT in MATCHES without re-inspection per I305.   A.ROBOTS are allowed to play MATCHES with a subset of the mechanisms that were present  during inspection. Only mechanisms that were present during inspection may be added,  removed, or reconfigured between MATCHES. The ROBOT should be assembled in a typical  configuration used for MATCH play when reporting for inspection. ROBOT and all  mechanisms must be inspected in every STARTING CONFIGURATION.  B.If MECHANISMS are swapped out between MATCHES, the reconfigured ROBOT must still  meet all rules.  C.The total of all electronics (motors, servos, Android Devices, etc.) used to build all  mechanisms and base ROBOT, whether they are used on the ROBOT at the same time or  not, may not exceed the constraints specified in section 12 ROBOT Construction Rules  (R).
I305	20	EVERGREEN	Unless the change is listed below, any change to a ROBOT must get re-inspected.	160	0	ROBOT must be inspected before participating in a MATCH or the team will receive a RED  CARD.	A ROBOT may play MATCHES with a subset of the MECHANISMS that were present during inspection provided the  reconfigured ROBOT still complies with all ROBOT construction rules. Only MECHANISMS that were  present during the inspection may be added, removed, or reconfigured between MATCHES without re- inspection per this rule. If a ROBOT is modified after its most recently passed inspection, it must be re- inspected before the ROBOT is eligible to participate in a MATCH.   Exceptions are listed below (unless they result in a significant change to the ROBOT'S size, legality, or  safety).   A.addition, relocation, or removal of fasteners (e.g., cable ties, tape, and rivets),   B.addition, relocation, or removal of labeling or marking,  C.addition, relocation, or replacement of the team SIGN,  D.revision of ROBOT code,  E.replacement of a COMPONENT with an identical COMPONENT,  F.replacement of a MECHANISM with an identical MECHANISM (size, weight, material), and  G.additions, removals, or reconfiguration of ROBOT with a subset of MECHANISMS already  inspected per I304
I306	20	EVERGREEN	Do not exploit re-inspection.	14	0		Teams may not use the re-inspection process in I305 to circumvent any other rules.
I307	20	EVERGREEN	ROBOTS may be powered on for inspection, as needed.	16	0		Teams are allowed to power up and enable their ROBOT as part of the inspection process.
I308	21	EVERGREEN	STUDENTS must be present during the inspection process.	1836	0	Inspection will not continue until a STUDENT is present.   Universal Violation Note: A violation of any Event Rules (E) will result in a warning from event  volunteers. Egregious or repeated violations of an Event Rule will be addressed with a VERBAL WARNING  from the Head REFEREE, the Lead ROBOT INSPECTOR (LRI) and/or Event Director. Subsequent violations  of an Event Rule may result in escalation to FIRST Headquarters and/or disqualification for the team from  MATCHES and awards. Criminal behavior will not be tolerated and will result in removal of individual(s)  involved and/or disqualification for the team from the event.    Any items that are deemed unsafe or outside specifications by FIRST personnel and/or the Event Director  must be removed.   Additional rule specific violations, if applicable, are listed with their corresponding rule.	At least 1 STUDENT team member must accompany the ROBOT for any inspection efforts.  4 Advancement  Teams are only eligible to advance from events within their home region. Teams may be invited to compete at  tournaments outside of their home region; however, they do so for the opportunity of additional gameplay and  to compete with other teams from outside of their area and are not advancement eligible from these out-of- region events.  Teams can check what region they are assigned to on the FTC-Events page by looking up their team number.  Teams in regions that do not have a local Program Delivery Partner, or who are geographically isolated within  their home region can work with FIRST by emailing customerservice@firstinspires.org to get reassigned to  another more accessible region once per season for advancement.   Figure 4-1: Region assignment display on FTC-Events page  FIRST Tech Challenge tournament progression is shown in Figure 4-2. Teams can advance from any of their  first three entry-level events: Qualifying Tournaments (QT) and League Tournaments (LT). Teams may only  participate in one league per season. See section 14 League Play Tournaments (L) for more details on  League Tournaments. Teams may participate in more than 3 entry-level events but are not eligible to advance  from them.   Figure 4-2: Tournament Advancement Structure  1,3 Optional Events, not offered in all regions  2 All teams within a League play in the League Tournament  4 Highest level of play within FIRST Tech Challenge Region. Can also be called State, Region, or Country  Championship  Teams may advance from their region's Qualifying Tournaments or League Tournament to either a Super  Qualifying Tournament (SQT) or directly to a Regional Championship (RCMP). Super Qualifying Tournaments  (SQT) are an optional advancement level often used in large regions which need more levels of competition. A  team may only participate in one Super Qualifying Tournament(SQT).  The local Program Delivery Partner determines the advancement numbers from each tournament in their  region, up to a Regional Championship. FIRST Staff determine the advancement from each Regional  Championship to the FIRST Championship and FIRST Premier Events.   4.1 Advancement Points Calculation  For each advancing event, teams will be ranked based on the advancement points they earn through their  overall performance at that individual event. The top ranked teams not already advanced will qualify for the  next level of play, up to the total allocated advancement spots for that event. Advancement points are awarded  to teams based on Table 4-1 below.   Table 4-1: Advancement Point Assignment  Category  Advancement Points Earned  Normal distribution of points from 16 to 2 across the highest ranked team to  Qualification Phase  the lowest based on the equation in section 4.1.1 Qualification Phase  Performance  Performance. (This will result in a minimum of 2 points and a maximum of  16 points being awarded for qualification phase performance.)  Equal to 21 minus the ALLIANCE lead number (e.g., 18 points for ALLIANCE  ALLIANCE lead  #3 lead)  Equal to 21 minus the Draft Order Acceptance number (e.g., 18 points for the  Draft Order Acceptance  team which accepts the third draft position)   40 points for 1st Place (Winners)  20 points for 2nd Place (Finalists)  10 points for 3rd Place   Playoff Advancement  5 points for 4th Place   (See Section 13.8 Dual Division Events for modifications to this  section)  60 points for Inspire Award 1st Place  30 points for Inspire Award 2nd Place  15 points for Inspire Award 3rd Place  12 points for all other 1st Place Awards  Team Judged Awards  6 points for all other 2nd Place Awards  3 points for all other 3rd Place Awards  (See A211 for a list of points-eligible awards)  If there is a tie in the point totals between teams, the higher ranked team will be determined using the following  additional sorting criteria in Table 4-2.  Table 4-2 Advancement Sorting Criteria Including Tiebreakers  Order Sort  Criteria  1st Total Advancement Points (as calculated in Table 4-1)  2nd Judged Team Award Points  3rd Playoff Advancement Points  4th ALLIANCE Selection Results Points (ALLIANCE lead or Draft Order Acceptance)  5th Qualification Phase Performance Points  6th Average Qualification MATCH Points (excluding FOULS)  7th Average Qualification AUTO Points  8th Highest individual Qualification MATCH Points (excluding FOULS)  9th Second Highest individual Qualification MATCH Points (excluding FOULS)  10th Random Selection by Event Management System  4.1.1 Qualification Phase Performance  The calculation of Qualification Phase Performance points is done using the equation below. This equation is  an inverse error function which utilizes the following variables:  R - the qualification rank of the team at the event at the conclusion of Qualification MATCHES (as  - reported by the Event Management Software and defined in Section 13.6.3 Qualification  Ranking)   N - the number of FIRST Tech Challenge teams participating in the Qualification rounds at the  - event   Alpha (α) - a static value (1.07) used to standardize the distribution of points at events  - 𝑸𝒖𝒂𝒍𝒊𝒇𝒊𝒄𝒂𝒕𝒊𝒐𝒏𝑷𝒐𝒊𝒏𝒕𝒔(𝑹, 𝑵, 𝜶) = ⌈𝑰𝒏𝒗𝑬𝑹𝑭(𝑵-𝟐𝑹+ 𝟐 𝟕 ) + 𝟗⌉ ) ( 𝑰𝒏𝒗𝑬𝑹𝑭(𝟏 𝜶𝑵 𝜶) This formula generates an approximately normal distribution of Qualification Phase Performance points at an  event, based on rank, with most teams getting a moderate number of points, and fewer teams getting the  highest or lowest numbers of points available.  Table 4-3 displays sample Qualification Phase Performance points for variously ranked teams at a 28-team  event. The system will automatically generate the appropriate points for each team based on their rank and the  number of teams at the event.  Table 4-3 Sample Qualification Round Point Assignments  Rank  1  2  3  4  …  12  13  14  …  25  26  27  28  Points  16  15  14  14  …  10  10  10  …  6  5  5  4  4.1.2 ALLIANCE Selection Results  This attribute measures both individual team Qualification round seeding performance and recognition by  peers.   ALLIANCE leads are recognized based on their Qualification phase seeding rank. This rank is a result of the  rules of the game, which typically incorporate several team performance attributes, and are designed to  eliminate ties in rank. ALLIANCE partners are rewarded based on peer recognition. To be invited to join an  ALLIANCE, a team's peers have decided that the team has attributes that are desirable. Giving points for  ALLIANCE selection also supports come-from-behind teams. A team taking several MATCHES to optimize  their performance may be recognized as a late bloomer by a top seeded team, even if that performance isn't  reflected in the rankings because of poor performance in early MATCHES. These points also have the potential  to recognize teams employing a unique strategy with their ROBOT. Teams with unique or divergent ROBOT  capabilities that complement the strengths of other ALLIANCE members may be selected to fill a strategic  niche.   Note also that ALLIANCE leads are given the same number of points as the team drafted in the same  sequence. For example, the team who accepts the pick from the 3rd ALLIANCE lead receives the same number  of points as the 3rd ALLIANCE lead. Numerical analysis supports the idea that ALLIANCE leads are about as  strong in ROBOT performance as equivalently drafted teams. An additional minor benefit to this system is that  it allows teams who would traditionally not be a top ranked team the opportunity to be an ALLIANCE lead.  4.1.3 Playoff Performance  This attribute measures team performance as part of an ALLIANCE.  Teams earn points based on how far they progress into the Playoffs. Points are given to all teams within the  ALLIANCE as described in Table 4-1.  See Section 13.7.2 Playoff MATCH Bracket for more details on the number of ALLIANCES that are formed  for the Playoffs and an example of the Playoff MATCH bracket.  4.1.4 Team Judged Awards  This attribute measures team performance with respect to team awards judged at the event.   The points earned for team awards in this system are not intended to capture the full value of the award to the  team winning the award, or to represent the full value of the award to FIRST. In many ways, the team's  experience in being selected for awards, especially the Inspire Award, is beyond measure, and could not be  fully captured in its entirety by any points-based system. Points are being assigned to awards in this system  only to help teams recognize that FIRST continues to be "More than Robots," and to assist in elevating award- winning teams above non-award-winning teams in the ranking system.   Teams only get points for team awards judged at the event. If an award is not judged, is not for a team (e.g.,  the FIRST Leadership Award), or is not judged at the event (e.g., Safety Animation Award), no points are  earned. Points for awards not given at the event are not assigned to any team. See A211 for the list of points- eligible awards.   4.2 Advancement Distribution by Region  Advancement within a region is determined by the Program Delivery Partner and minimum advancement  numbers should be made publicly accessible to participating teams as early as possible before the event, and  no later than when ALLIANCE selection begins. Advancement information may be published on the FTC-Events page as shown in Figure 4-3.   Figure 4-3 Event Advancement Information as shown on the ftc-events.firstinspires.org/ page  Advancement to the FIRST Championship and FIRST Premier Events is determined by FIRST Headquarters  based on a number of factors including:  Number of teams registered within the region before the cutoff date (this season November 17th)  - oRegions who meet minimum registration requirements  oTotal number of teams within the region  New developing regions with a Program Delivery Partner  - Global and regional representation  - Regional allocations of advancement slots information will be published on the FTC-Events page starting in  early December. Regionally allocated slots which are not secured by the event deadline will be returned to  FIRST HQ or Premier Event Host for reallocation which may include reallocation to a new region or waitlist  team invitation.   5 Event Rules (E)  This section includes general rules which apply from the beginning of the public schedule when teams arrive  through the end of the event with departure from the venue. These are high-level rules intended to promote an  orderly and safe experience for all participants. The Event Director may specify additional restrictions beyond  those listed here based on local venue requirements which in most circumstances will be communicated to  teams in advance of the event. FIRST is committed toSTEM for Everyone™ and as such, FIRST strives to make reasonable accommodations  for persons with disabilities that request accommodation. If a participant needs an accommodation for an  event, we ask that they talk to a volunteer at the event or contact their local leadership before the event so they  can ensure the request is addressed. Accommodations are considered reasonable if they do not create an  undue hardship, cause safety concerns, or fundamentally alter the nature of the event.   Rules around safety and security within this section are minimum requirements, and Program Delivery Partners  are able to implement increased restrictions due to local or venue requirements (e.g., requiring badging for all  attendees, reserving seating for accessibility). Partners should communicate additional local requirements  early enough to allow teams to plan.  5.1 General Rules
E101	29	EVERGREEN	Personal safety comes first.	184	0		All team members must observe the following safety practices throughout the event:  A.wear safety glasses or safety rated glasses with side shields (ANSI-approved, UL Listed, CE  EN166 rated, AS/NZS certified, or CSA rated) while in and around the playing FIELD and in  the pit area. Clear or lightly tinted safety glasses are preferred. Shaded glasses are allowed  for those who need them and do not require a specific accommodation request. The only  instances where teams are not required to wear safety glasses are in their first 10 minutes  of their event load in, and for the first 10 minutes pits are open each day of the event as long  as they're not working on the ROBOT or setting up their pit,  B.wear closed toed/heeled shoes,  C.control entanglement risks by tying back long hair and removing other dangling decorations  including lanyards, spirit wear and rings as needed while working on or around a ROBOT or  ROBOT related materials or tools,  D.wear appropriate clothing,  E.walk in the venue, and  F.comply with government and venue-specific health and safety requirements in place for that  event (i.e., mask wearing).
E102	30	EVERGREEN	Be Nice.	27	0		All participants should strive to be gracious and professional at all times while attending a FIRST Tech Challenge event. Uncivil behavior toward any participants is not tolerated.
E103	31	EVERGREEN	Children with adults, please.	15	0		Children under 12 must be accompanied in the pits by an adult at all times.
E104	31	EVERGREEN	Respect the venue.	29	0		Teams may not damage the venue, including but not limited to bleachers, floors, walls, railings, in any way. This includes littering with team giveaways including candies, flyers, and  stickers.
E105	31	EVERGREEN	Teams must check in.	39	0	Failure to check in may result in a team not participating in the event.	An adult team member must check in at the Pit Administration station, or the designated check in location, no later than 45 minutes before Qualification MATCHES are scheduled to  start unless otherwise specified or approved by the Event Director.
E106	31	EVERGREEN	Event resources are for competing teams only.	50	0		Only teams registered for an event may use that event's competition FIELD, practice FIELD, and inspection unless pre-approved by the Event Director or  the Program Delivery Partner. Host teams supplying practice FIELD elements and/or machine shop  resources may use them; however, teams registered for that event must be granted priority.
E107	31	EVERGREEN	Practice only when/where permitted.	23	0		Teams may only practice with their ROBOT in their pit space, in the designated event practice areas, or while in a Practice MATCH.
E108	31	EVERGREEN	Work in designated areas only.	66	0		At the event venue, teams may only produce FABRICATED ITEMS as follows:   A.in their pit area,  B.in another team's pit area with permission from that team,   C.while queued for a MATCH or practice FIELD (given space constraints, extra scrutiny  regarding safety is required),  D.any area designated by event staff (e.g., playoff pit area), or  E.as permitted at provided machine shops that are available to all teams.
E109	31	EVERGREEN	Some things do not belong at events.	36	0		Do not bring or use the following: A.Skateboards,  B.'hoverboards',  C.drones,  D.bottled gas tanks (e.g., helium),  E.noisy devices or noisemakers, such as floor stompers, whistles and/or air horns,  F.walkie-talkies, or  G.scooters, except for those used for accommodations.
E110	32	EVERGREEN	Do not arrange for additional utilities.	32	0		Do not arrange for power, internet access, or phone lines from venue service providers or attempt to use venue internet connections reserved for event purposes (e.g.,  FIRST event management software or webcasting).
E111	32	EVERGREEN	Do not sell stuff.	36	0		Teams may not conduct sales at an event. This includes, but is not limited to, raffle tickets, food, hats, shirts, candy, water, soft drinks, fruit, or any promotional products unless specifically  allowed by the Event Director.
E112	32	EVERGREEN	Make FIRST loud, but with restrictions.	17	0		Do not invite or bring live bands to play in the audience. Do not play loud music.
E113	32	EVERGREEN	Hang banners with care.	69	0		Be respectful when hanging your banners. A.Do not cover or move other team or sponsor signs already in place.  B.Share the available space fairly with other teams.  C.Do not obstruct the view of spectators.  D.Get permission from the Event Director before hanging banners outside of your pit.   E.Hang signs and banners in a safe manner.  F.Banners hung outside team pits must not be larger than 25 ft.2 (2.3 m2).
E114	32	EVERGREEN	Limit flag and flagpole size if used in the ARENA.	21	0		Flags and flagpoles may not be of unreasonable size and weight if they are going to be used around the FIELD.
E115	32	EVERGREEN	No firearms or other weapons.	47	0		Firearms or other weapons are prohibited at all FIRST events for all FIRST programs, including without limitation, all official FIRST Events posted here. This rule includes  prop or simulated weapons which appear to be real. This policy does not apply to law enforcement or  venue security personnel.
E116	32	EVERGREEN	Inspection required for practice FIELD access.	29	0		A team may only use a practice FIELD with a ROBOT that has passed an initial, complete inspection. This rule only applies to events not using scheduled  inspection times.
E117	32	EVERGREEN	Do not record anyone at the event without their consent.	112	0		Do not record interactions with anyone at an event, without the person's consent. FIRST event staff and volunteers are empowered to excuse  themselves from an interaction in which they are being recorded after declining consent.  5.2 Machine Shops and Host Team Build Spaces  Rarely, some events host a machine shop or open their team's build space, during specific hours (see the event  public agenda), to help teams with repair and fabrication of their ROBOT. Machine shops are typically  sponsored by the local host organization. In most cases, the machine shop is on site and readily accessible to  all teams. All competing teams should have access to the same resources.   5.3 Wireless Rules
E301	33	EVERGREEN	No wireless communication.	31	0		Teams may not set up their own Wi-Fi (802.11a/b/g/n/ac/ax/be) wireless communication (e.g., access points or ad-hoc networks), Bluetooth, or any other  communications systems using 2.4GHz or 5GHz wireless in the venue.
E302	33	EVERGREEN	Don't interfere with wireless networks.	414	0		Participants may not interfere, attempt to interfere, or attempt to connect with any other team or FIRST wireless network without expressed permission.   5.4 Load-In  Some large events (often multi-day events) may set specific time frames, published on the event public  schedule, in which teams are invited to load their ROBOT and equipment into their pit areas before pits  officially open.  Load-in can be stressful for teams and volunteers, which can be mitigated by preparation and planning.  Unanticipated factors, like traffic or weather, can change a team's scheduled arrival time, making the process  difficult. The most important things a team should remember are to be safe, gracious, and professional.  Teams who experience smooth and easy load-ins are encouraged to check with others to see if they can help  and make their experience as positive as possible.  5.5 Pits  A team pit is the designated space, typically a 10 ft. by 10 ft. by 10 ft. (~3 m x 3 m x 3 m) area, where a team  may work on their ROBOT. Each team is assigned a pit space typically marked with their team number. This  helps team members, JUDGES, and visitors find teams easily. Pit spaces may vary based on competition venue  size limits.  The pit area refers to the general area where team pits are located which encompasses the aisles between the  pits, pit admin, ROBOT inspection, practice FIELD, or other areas where ROBOTS may be active or worked on.  All pit rules apply to the full pit area.   Additional limitations beyond those listed below may be imposed by the Event Director but they should be  clearly communicated at least 48 hours before the event start time and applied to all teams fairly. Team pits  may or may not have a table and power outlet. If individual team outlets are not provided, the venue must  provide access to team-usable outlets in the pit area for charging batteries. Power may not be available  overnight for a multi-day event.   Teams, volunteers, FIRST staff, and guests spend a lot of time in the pits. Get to know other teams and help  each other when you can. Time is short and help is very often right "next door" in the adjacent team pits.  Small, bench-top machinery, with appropriate guards, is permitted in team pits. 'Small' machinery is machinery  that can be easily lifted by one person and examples include, but are not limited to: 3D printers, small band  saws, small drill presses, desktop CNC mills, and sanders.
E501	34	EVERGREEN	Pits are unavailable if closed.	11	0		Teams may not access their pit area outside the designated hours.
E502	34	EVERGREEN	Stay in your pit.	61	0		Teams should set up their allowed equipment fully within their assigned pit space. Teams may not:  A.run power or internet lines from their team pit to any other area except as instructed or  allowed by the Event Director,  B.swap team pits with other teams if pits have assigned team numbers, or   C.move themselves to empty team pits without Event Director approval.
E503	34	EVERGREEN	Keep aisles clear.	5	0		Aisles must be kept clear.
E504	34	EVERGREEN	No sparks or flames.	10	0		Tools that throw sparks or produce open flames are prohibited.
E505	34	EVERGREEN	Nothing too big.	6	0		Floor standing power tools are prohibited.
E506	34	EVERGREEN	No brazing or welding.	3	0		Brazing/welding is prohibited.
E507	35	EVERGREEN	Solder with specific tools only.	9	0		Soldering may be done using an electric iron/gun only.
E508	35	EVERGREEN	Structures must be safe.	29	0		Teams may not build any structure that supports the weight of people or stores items overhead. Structures may not block or inhibit fire sprinkler systems or otherwise be  unsafe.
E509	35	EVERGREEN	Secure team identification assets.	13	0		Team signs, flags, and displays must be securely mounted to the pit structure.
E510	35	EVERGREEN	Only use aerosol or other chemicals with noxious fumes in approved areas.	93	0		Any aerosol or chemical that produces noxious fumes or spray particulates should only be used in approved areas. Not all  venues will allow the use of these products anywhere on site.   5.6 ROBOT Carts  Most teams use carts to transport their ROBOT throughout an event. Carts are not required but are  recommended (to minimize risk of muscle strains, dropped ROBOTS, and other hazards). In addition to the  rules listed below, teams are encouraged to put the team's number on the cart, refer to the FIRST Safety  Manual for key safety guidelines and practices.
E601	36	EVERGREEN	Carts must be safe and easy to use.	13	0		Carts must be easy to control, maneuver, and pose no risk to bystanders.
E602	36	EVERGREEN	Carts should not be too big.	8	0		Carts must fit through a standard 30-inch door.
E603	36	EVERGREEN	Carts cannot park anywhere.	18	0		Carts must remain in the team pit (or other venue designated cart staging areas) when not in use.
E604	36	EVERGREEN	No noisy carts.	11	0		Carts may not be equipped with music or other sound-generating devices.
E605	36	EVERGREEN	No motor driven carts.	117	0		ROBOT carts may not use powered propulsion. 5.7 Ceremonies  At most events, there are opening and closing ceremonies to show honor and respect for represented  countries, sponsors, teams, mentors, volunteers, and award winners. Ceremonies provide everyone with the  opportunity to collectively applaud the successes of all participants. They also give teams a chance to "meet"  the volunteers and other people and sponsors involved with the event. Closing ceremony elements are at the  end of most events and are integrated into and presented between Playoff MATCHES.   At the awards ceremony, FIRST presents trophies and medallions to outstanding teams. All team members are  encouraged to attend the ceremonies, be punctual, and show appreciation to volunteers that staffed the event.
E701	36	EVERGREEN	Quiet in the pits during ceremonies.	37	0		During ceremonies outside of Playoff MATCHES, team members may not:  A.use power tools  B.use loud hand tools (hammers, saws, etc.), or  C.shout, yell, or use loud voices, unless as a demonstration of approval during a ceremonial  activity.
E702	36	EVERGREEN	Pit person limit during ceremonies is 5.	38	0		No more than 5 team members may be in the pits during ceremonies outside of Playoff MATCHES. Each team must have at least 1 representative observing  ceremonies to be responsible for relaying important information to the entire team.
E703	36	EVERGREEN	Be respectful during anthems.	49	0		Team members, including any remaining in the pits, should exhibit peaceful behavior during the presentation of all national anthems. If team members wish to abstain  from traditional anthem observance behaviors, they have a right to do so, as long as they remain silent  and non-disruptive.  5.8 In the Stands
E801	37	EVERGREEN	No saving seats.	18	0		Teams are not permitted to save or designate seats for team members that are not actively using them.
E802	37	EVERGREEN	No throwing items from the stands.	1337	0		Items may not be thrown from the audience seating. 6 Awards (A)  FIRST Tech Challenge celebrates the excitement of competition both on and off the field. Through the  following awards, we celebrate the FIRST Core Values which makes us so much "More than Robots". Please  note that different event types (e.g., League Tournaments, Regional Championship, FIRST Championship) or  event sizes may offer different sets of awards. Not every award is presented at every FIRST Tech Challenge  event. No awards are presented at League Meets, see section 14 League Play Tournaments (L), additional  details by event type are available in the sections below.  Judged awards are determined by volunteers from the community who prepare for the event with thorough  training and certification. There are two key judging volunteer roles:  JUDGES - meet with teams to learn about and celebrate the unique journey and accomplishments  - of each team and evaluate these against award requirements. JUDGES interact with STUDENTS  during the interview process, and in the pits. As a group, JUDGES determine the teams that receive  awards at events.   JUDGE Advisor (JA) - trains, directs, and supervises JUDGES throughout the event. JUDGE  - Advisors oversee the judging processes and procedures to make sure they are in accordance with  FIRST Tech Challenge judging guidelines.  FIRST Tech Challenge judging is delivered in one of two ways. Most events will have in-person ("traditional")  judging along with the standard in-person gameplay. The second is hybrid format which has in-person  gameplay, but judging is done remotely before in-person gameplay. This manual will primarily describe the  traditional in person judging process. The remote judging process follows the same overall judging standards  and requirements, but interviews are conducted online, and in-person meetings may not occur.   Teams may also read the Judge and Judge Advisor Manuals to gain more insight into the complete judging  process. Teams are also encouraged to review the Outreach Terms and Definitions Document to ensure all  teams can clearly communicate with judges and our community the great things they do to grow FIRST.  6.1 Team Judged Awards Overview and Schedule  Most FIRST Tech Challenge awards fall into two broad categories: Machine, Creativity, and Innovation (MCI),  and Team Attributes (TA). In addition to MCI and TA awards, there are also two other separate awards, the  Think Award and the Judges' Choice Award. The final award is the Inspire Award which is a special  overarching award (Figure 6-1). The local Program Delivery Partner may elect to give additional awards to  celebrate local sponsors or initiatives, but these awards are not considered Team Judged Awards for the  purposes of advancement calculations as described in Section 4 Advancement.   Figure 6-1: Award hierarchy  The Inspire Award recognizes teams who excel in MCI, TA, and Think award accomplishments. This  - team is an all-around inspiration for others.   MCI awards recognize the technical accomplishments of teams in the brainstorming, design,  - construction, operation, and control of their ROBOTS.  TA awards recognize teams who have expanded their skillset, created a plan to sustain their  - program and team, and spread the message of FIRST throughout their outreach.  The Think Award recognizes teams who masterfully document their team's process and ROBOT  - using their PORTFOLIO.  Judges' Choice Award recognizes a team whose unique efforts, performance, or dynamics merit  - recognition, but does not fit into any of the other award categories.  The JUDGES will gather information from the teams through several different pathways (Figure 6-2).  All teams  will have the opportunity to submit a team PORTFOLIO which should document aspects of their team which  directly support the judged award criteria or information which they wish the JUDGES to consider. Teams can  participate in two different types of interviews: a structured interview and pit interview(s).  All award winners chosen by the JUDGES are recognized as being positive examples of the award criteria, not  necessarily the "best" team. JUDGES will only consider the published award criteria in section 6.3 Team  Judged Award Descriptions.  Teams may participate in judging regardless of the inspection status of their ROBOT and are eligible for  awards even if they are attending the event without a ROBOT.   6.1.1 Sources of Information Considered for Awards  In addition to the information provided in a team's PORTFOLIO (if submitted) and the interviews, JUDGE  Advisors may also accept feedback about teams at the event from other volunteers to help inform their  understanding of the team. All of the sources in Figure 6-2 help JUDGE Advisors facilitate discussions with  JUDGES when award deliberations begin.  Figure 6-2: Sources of Information for Team Judged Awards.  In addition to the specific information sources JUDGES use to evaluate teams, there are also sources of  information which are specifically disallowed. JUDGES are strictly instructed to only consider information from  the current event and the current season and cannot consider information from outside what they have seen or  heard at the current event.   This means that information like past performance (good or bad), personal knowledge of a team, and external  sources like websites and social media are not considered. JUDGES also do not consider ROBOT performance  (for example, how many scoring tasks are completed) in an award unless it is specifically listed as part of the  required or encouraged evaluation criteria. A team's ROBOT placement in a competition (winner or finalist,  etc.) or qualification ranking is not considered when evaluating teams for a judged award.  The awards are a method FIRST uses to inspire STUDENTS and open their eyes to building a better future  together. The awards process should foster a positive STUDENT interaction with JUDGES who are independent  caring adults and can recognize their achievements and encourage them to continue learning.  6.1.2 Structured Interview   All teams are encouraged to prepare for a structured interview session where the team can present a prepared  oral presentation to a small panel of JUDGES, followed by a Q&A session. Typically, these interviews follow a  standard timeline (Figure 6-3) and last at least 10 minutes long, per A205.  Figure 6-3: Structured Interview Timeline  1.Team arrives and JUDGES welcome the team.  2.Teams may present to the JUDGES uninterrupted for up to 5 minutes.  3.JUDGES will ask open ended questions to the team for the remaining of the scheduled structured  interview time.   4.Team departs from the interview space.  5.JUDGES discuss the structured interview and complete the feedback form.  6.JUDGES welcome the next team into the structured interview location and repeat the process.  Teams are encouraged to review the Judge Interview Question Bank prior to their judging interviews to  understand the type of questions that may be asked by the JUDGES. At each event, the JUDGE Advisor will  select two questions from the question bank that all teams will be asked at the start of the structured  interview's question and answer session. One question will be focused on the MCI award category, and one  question will be focused on the TA award category. After the first two questions are asked and answered,  JUDGES may ask additional questions to help evaluate the team's performance against the award criteria.  6.1.3 Pit Interview(s)  After all the judging panels have finished, the JUDGES compare notes and may elect to follow up with the  teams in the pit area during the competition and conduct informal pit interviews. During pit interviews, teams  have the opportunity to expand upon materials presented in the structured interview and share additional  content with the JUDGES (for example, ROBOT prototypes, design artifacts, and photos or letters from  outreach events). A team does not need to prepare another presentation for a pit interview but should be ready  to answer questions from the JUDGES.  6.1.4 Sustained Outreach and Demonstrating Impact by Numbers  In general, JUDGES will consider ongoing, sustained outreach to be of higher quality than occasional or one-off  outreach. JUDGES will seek to understand what is the impact of the outreach to the individuals being reached  by the activity.   6.2 Team Judged Award Rules  This section outlines rules for in-person judging of Team Judged Awards. Modifications for the judging  process at the FIRST Championship can be found in Section 15.1.
A201	44	EVERGREEN	Team PORTFOLIOS have limits.	128	0		Teams have the opportunity to submit a team PORTFOLIO to be used as part of the judging process. No other printed or digital content not directly included in this document  will be collected by the JUDGES to consider during deliberations. Team PORTFOLIOS must meet the  following requirements:  A.must consist of 1 cover page including the team number and optionally: team name,  PORTFOLIO table of contents, team organizations, sponsors, logo, motto, and picture of the  ROBOT and/or team,  B.no more than 15 pages of content,  C.use only US Letter (8.5" x 11") or A4 (210 x 297 mm) size pages,  D.if submitted digitally, the complete submission must be less than 15MB in size, and  E.must only include progress, challenges, and accomplishments which have taken place since  January 1, 2025.
A202	45	EVERGREEN	PORTFOLIOS must be submitted on time and as requested.	46	0		Teams must submit their PORTFOLIO as instructed by the Event Director and by the stated deadline if they wish to have it considered during the  judging process. If no other instructions are provided, teams should submit 1 printed copy of their  PORTFOLIO during the structured interview.
A203	45	EVERGREEN	Teams must attend a structured interview session.	16	0		To be considered for any judged awards the team must attend their assigned structured interview session.
A204	45	EVERGREEN	Bring the right resources with you for your structured interview.	74	0		Teams attending their structured interview time slot should come prepared with the following:  A.no less than 2 STUDENT representatives for teams of 2 STUDENTS and larger,  B.a printed copy of their team PORTFOLIO (optional, submit as instructed by the Event  Director),  C."show and tell" demonstration items which may include the team's ROBOT (encouraged, but  optional),  D.1 silent observer per A208 (optional), and  E.1 support person to fill accommodation needs per A209 (optional, as needed).
A205	46	EVERGREEN	Everyone gets equal structured interview time.	30	0		All teams will be scheduled for the same length structured interview of at least 10 minutes with a minimum of 10 minutes reserved between structured  interviews for JUDGES to confer.
A206	46	EVERGREEN	The structured interview timer starts when the team starts.	52	0		The timer starts after the team has entered the room and when they begin their presentation. Teams who take an extended amount of time  to begin will be warned by the JUDGES to begin promptly and then the structured interview timer will be  started regardless of the readiness of the presenting team.
A207	46	EVERGREEN	Prepared structured presentation time should not be interrupted.	52	0		The first 5 minutes of the structured interview are reserved for the team to present a prepared oral presentation uninterrupted, if they  choose. The uninterrupted presentation time may be ended early by the team. Any remaining time  should be a question and answer conversation with the STUDENTS and led by the JUDGES.
A208	46	EVERGREEN	One adult silent observer is welcome.	65	0		One adult mentor may attend the judging session and be present for any interaction between the JUDGES and the STUDENT team members. Adult mentor(s)  may be present for any interactions between the JUDGES and the STUDENT team members outside of  the structured interview. The adult observer and mentor(s) may not interact or actively coach during  any interaction between the JUDGES and the STUDENT team members.
A209	46	EVERGREEN	Translator and/or Sign Language Interpreter accommodations will be made for teams who need it.	88	0		Teams who need to use a translator to communicate with the JUDGES may provide one if the team's  native language does not match that of the event host site provided JUDGES. This includes sign  language or other adaptive technology. Teams who intend to interview with the assistance of a  translator must work with the Event Director in advance to request additional interview time of between  2 and 5 minutes, if needed. The translator may be an adult and can be in addition to the silent observer  in A208.
A210	47	EVERGREEN	No Photos, Video or Audio recording during structured interview.	22	0		In addition to the restrictions of E117, no recording of video or audio, or photos may be taken during the structured interview.
A211	47	EVERGREEN	The number of awards given scales with event size.	224	0		The total number of awards given is based on the number of teams checked in at the event. Not all awards are given at every competition. Only the  awards specified in Table 6-1 based on the event size are points-eligible for advancement.  Table 6-1: Total judged awards available based on all event participating teams  Total Event Participating Teams  Award  4-10 Teams  11-20 Teams  21-40 Teams  41-64 Teams  1st Place  1st Place  1st Place  Inspire Award  1st Place  2nd Place  2nd Place  2nd Place  3rd Place  3rd Place  1st Place  1st Place  Think Award  1st Place  1st Place  2nd Place  2nd Place  (3rd Place*) 1st Place  1st Place  Connect Award  1st Place  2nd Place  (2nd Place*)  1st Place  (3rd Place*) TA Awards  (Only one of  1st Place  1st Place  Connect,  Reach Award  1st Place  2nd Place  (2nd Place*)  Reach, or  (3rd Place*) Sustain will be  1st Place  1st Place  given)  Sustain Award  1st Place  2nd Place  (2nd Place*) (3rd Place*) 1st Place  1st Place  Design Award  1st Place  2nd Place  (2nd Place*)  1st Place  (3rd Place*) MCI Awards  (Only one of  1st Place  Innovate,  1st Place  Innovate Award  1st Place  2nd Place  Control or  (2nd Place*)  (3rd Place*) Design will be  1st Place  given)  1st Place  Control Award  1st Place  2nd Place  (2nd Place*)  (3rd Place*)  Judges' Choice Award  Optional*  Optional*  Optional*  Optional*  *Discretionary awards
A212	48	EVERGREEN	Judging feedback is provided to all teams.	53	0		All teams will receive feedback from their structured interview session. The JUDGES complete a form immediately following the structured interview based  on their initial impression of the team. This feedback form is not used during deliberations and does  not include any updated feedback based on later interactions by the JUDGES with the team.
A213	48	EVERGREEN	Teams are only eligible to win the Inspire Award in their own region.	25	0		Teams are only eligible to be considered for the Inspire Award (1st, 2nd or 3rd place) when competing at a tournament within their own  region.
A214	48	EVERGREEN	Teams cannot win the Inspire Award at multiple Qualifying or League Tournaments.	19	0		Teams are only eligible to win 1st place Inspire Award once per season from any Qualifying or League Tournament.
A215	48	EVERGREEN	Teams can only get one judged award.	8480	0		Teams are only eligible to win or be a runner-up for a single judged award at the event. 6.3 Team Judged Award Descriptions  6.3.1 Inspire Award  The team that receives this award is a strong ambassador for FIRST programs and a role model FIRST team.  This team is a top contender for many other judged awards and is a gracious competitor.  The Inspire Award winner is an inspiration to other teams, acting with Gracious Professionalism both on and  off the playing FIELD. This team shares their experiences, enthusiasm, and knowledge with other teams,  sponsors, their community, and the JUDGES. Working as a unit, this team will have shown success in  performing the task of designing and building a ROBOT.  Table 6-2: Inspire Award Criteria  Inspire Award Criteria  Team must submit a PORTFOLIO.   Required  1  The Inspire Award celebrates the strongest qualities of all the judged awards. A team  must be a strong contender for at least one award in each of the following judged award  categories:  Required  2  A.Machine, Creativity, and Innovation Awards,  B.Team Attributes Awards, and  C.Think Award.  Inspire Award Criteria  Team must be positive and inclusive, and each team member contribute to the success  Required  3  of the team.  Team is able to describe, demonstrate, document, or display their experiences and  Required  4  knowledge to the JUDGES.  6.3.2 Think Award  This judged award is given to the team that best reflects the journey the team took as they experienced their  season. The content within the PORTFOLIO is the key reference for JUDGES to help identify the most deserving  team. The team could share or provide additional detailed information that is helpful for the JUDGES.   Table 6-3: Think Award Criteria  Think Award Criteria  Team must submit a PORTFOLIO. The PORTFOLIO must include engineering content  which includes at least one of the following:  A.evidence of use of the engineering process,  Required  1  B.lessons learned and implemented related to the design of their ROBOT,  C.trade off analysis /cost benefit analysis, and/or  D.mathematical analysis used to make design decisions.  Team PORTFOLIO may include information about resources which includes any number  of the following examples:  A.how the team learns from team mentors, and/or a development plan for team  Encouraged  2  members to learn new skills,  B.how the team recruited new people into FIRST, and/or  C.how the team identified goals and tracked progress towards their goals  throughout the season.  Encouraged  3  PORTFOLIO information is organized in a clear and intuitive manner  6.3.3 Connect Award  This judged award is given to the team that connects with their local science, technology, engineering, and  math (STEM) community to learn and adopt new tools through effort and persistence. This team has a team  plan and has identified steps to achieve their goals. A PORTFOLIO is not required for this award.  Table 6-4: Connect Award Criteria  Connect Award Criteria  Team must describe, display, or document a team plan that covers all of the following:  A.The team's goals for the development of team member skills, and  Required  1  B.The steps the team has taken or will take to reach those goals  Provide examples of developing in person or virtual connections with individuals in the  Encouraged  2  engineering, science, or technology community.  Encouraged  3  Provide examples of how it actively engages with the engineering community.  6.3.4 Reach Award  This award celebrates a team that has introduced and recruited new people into FIRST. Through their efforts,  they have sparked others to embrace the FIRST culture. A PORTFOLIO is not required for this award.  Table 6-5 Reach Award Criteria  Reach Award Criteria  Team must discuss, describe, display, or document their outreach objectives and how  Required  1  their outreach activities support the FIRST community.  Team must discuss, describe, display, or document their successful recruitment of  new teams, or coaches, or mentors and/or volunteers who are not otherwise active  Required  2  within the FIRST community.  Encouraged  3  Is an ambassador for FIRST programs in a way that makes FIRST loud.  Has a creative and evolving approach to outreach materials that market their team and  Encouraged  4  FIRST.  6.3.5 Sustain Award  Sustainability and planning are essential for a FIRST team, because they ensure the program's long-term  success. This award celebrates the team that has considered their future team members and has worked to  ensure that their team or program will continue to exist long after they have gone on to develop their careers. A  PORTFOLIO is not required for this award. Table 6-6 Sustain Award Criteria  Sustain Award Criteria  Team must discuss, describe, display, or document their plan(s) which includes at  least one of the following:  Required  1  A.finances and financial sustainability plan,  B.season project planning, and/or  C.team sustainability plans and/or objectives.  Team must discuss, describe, display or document how a team tracks their progress  Required  2  towards their plan(s) listed above.  Team has clear team roles for all members of the team and a process for developing  Encouraged  3  leadership.  Team can discuss, describe, display, or document how they manage the team's  Encouraged  4  constraints and/or risks.  6.3.6 Innovate Award sponsored by RTX  The Innovate Award celebrates a team that thinks imaginatively and has the ingenuity, creativity, and  inventiveness to make their designs come to life. This judged award is given to the team that has an innovative  and creative ROBOT design solution to any specific components in the FIRST Tech Challenge game. Elements  of this award include design, robustness, and creative thinking related to design. This award may address the  design of the whole ROBOT or of a MECHANISM attached to the ROBOT and should work consistently during  MATCHES, but does not have to work all the time to be considered for this award. A PORTFOLIO is not required  for this award.  Table 6-7: Innovate Award Criteria  Innovate Award Criteria  Team must describe, display, or document examples of the team's engineering content  Required  1  that illustrate how the team arrived at their design solution.  Required  2  ROBOT or ROBOT MECHANISM is creative and/or unique in its design.  The innovative element must be stable, robust, and contribute positively to the team's  Required  3  game objectives most of the time.  Designs often come with risks, the team should discuss, describe, display or document  Encouraged  4  how they mitigated that risk.  6.3.7 Control Award  The Control Award celebrates a team that uses sensors and software to increase the ROBOT'S functionality  during gameplay. This award is given to the team that demonstrates innovative thinking and solutions to solve  game challenges such as autonomous operation, improving mechanical systems with intelligent control, or  using sensors to achieve better results. The solution(s) should work consistently during MATCHES but does  not have to work all the time. Solutions considered for this award are not solely limited to the AUTO period of  the MATCH and may also be used during TELEOP. The team's PORTFOLIO must contain a summary of the  software, sensors, and mechanical control but would not include copies of the code itself.  Table 6-8: Control Award Criteria  Control Award Criteria  Team must submit a PORTFOLIO. The PORTFOLIO must include all of the following:  A.hardware and/or software control COMPONENTS on the ROBOT,  Required  1  B.which challenges each COMPONENT or system is intended to solve, and   C.how does each COMPONENT or system work.  Team must use one or more hardware or software solutions to improve ROBOT  Required  2  functionality by using external feedback and control.  Encouraged  3  The control solution(s) should work consistently during most MATCHES.  Team could discuss, describe, display, or document how the solution may consider  reliability either through demonstrated effectiveness or identification of how the solution  Encouraged  4  could be improved  Use of the engineering process to develop the control solutions (sensors, hardware  Encouraged  5  and/or algorithms) used on the ROBOT includes lessons learned.  6.3.8 Design Award  The Design Award celebrates the team that demonstrates an understanding of industrial design principles by  striking a balance between form, function, and aesthetics while meeting the needs of this season's challenge.  The design process used should result in a ROBOT which is efficiently designed and effectively addresses the  game challenge. A PORTFOLIO is not required for this award.  Table 6-9: Design Award Criteria  Design Award Criteria  A team must be able to describe or demonstrate how their ROBOT is elegant, efficient  Required  1  (simple/executable), and practical to maintain.  The entire machine design, or the detailed process used to develop the design, is worthy  Required  2  of this recognition, and not just a single COMPONENT.  Encouraged  3  The ROBOT distinguishes itself from others by its aesthetic and functional design.  Encouraged  4  The basis for the design is well considered (that is inspiration, function, etc.).  Encouraged  5  Design is effective and consistent with the team's game plan and/or strategy.  6.3.9 Judges' Choice Award  This award is optional and not given at all FIRST Tech Challenge events.  During the competition, the judging panel may meet a team whose unique efforts, performance, or dynamics  merit recognition, but does not fit into any of the other award categories. To recognize these unique teams,  FIRST offers a Judges' Choice Award.   6.4 Tournament ALLIANCE Awards  6.4.1 Winning Alliance Award  This award will be given to the winning ALLIANCE represented in the final MATCH of the Playoffs of a single- division Tournament or Championship event. If the event is a dual-division or multi-division event, there will be  Winning Alliance Awards awarded to both the division playoff winners and the event finals playoff winner.  6.4.2 Finalist Alliance Award  This award will be given to the finalist ALLIANCE represented in the final MATCH of the Playoffs of a single- division Tournament or Championship event. If the event is a dual-division or multi-division event this will be  awarded to the division playoff finalists and the event finals playoff finalist.  6.5 Individual Awards  6.5.1 FIRST Leadership Award  The STUDENTS who earn FIRST Leadership Award status as a semi-finalist, finalist or winner, are great  examples of current STUDENT leaders who have led their teams and communities to increased awareness for  FIRST and its mission, champion FIRST Core Values such as Inclusion, and embody Gracious  Professionalism. It is the goal of FIRST that these individuals will continue, post-award, as great leaders,  STUDENT alumni, and advocates of FIRST.  Please visit the FIRST Leadership Award Website to see complete award submission details and to see past  FIRST Tech Challenge winners.  6.5.2 Compass Award  This is an optional award and is only offered at the Regional Championship tournament level of competition.  All teams attending FIRST Championship will have an opportunity to submit for this award.   The Compass Award recognizes an adult coach or mentor who has given outstanding guidance and support to  a team throughout the year and demonstrates to the team what it means to be a Gracious Professional. The  winner of the Compass Award will be chosen from candidates nominated by FIRST Tech Challenge STUDENT  team members, via a 40-60 second video submission. The video must highlight how their mentor has helped  them become an inspirational team. The video should emphasize what sets the mentor apart.  Table 6-10: Compass Award Criteria  Compass Award Criteria  Team must be able to clearly articulate this mentor's contribution to the team and  Required  1  explain what sets this mentor apart.  Compass Award Criteria  Submission must be in video format and meet the following requirements:   A.submitted by the deadline established by the Event Director or local Program  Delivery Partner instructions,  B.be in one of the following formats: .mp4, .mov, .avi, or .wmv (no links to streaming  services will be accepted),  Required  2  C.one video submission per team per event (videos can be updated or changed  between events),  D.all music must be used with permission from the copywrite owners and be  indicated in the video credits, and  E.videos cannot be longer than 60 seconds, including credits.  6.6 Project-Based Global Awards  Project-based global awards are awards that are only judged and awarded once per season and are open to all  registered FIRST Tech Challenge teams. Each award has its own independent requirements and deadlines.  These awards do not contribute towards team advancement.   6.6.1 Digital Animation Award sponsored by Worcester Polytechnic Institute (WPI)  This award, sponsored by Worcester Polytechnic Institute (WPI), celebrates STEAM (Science, Technology,  Engineering, Art, and Mathematics) and emphasizes the ability to tell a story through animation that integrates  technological, social, and humanistic concepts.   The 2026 Digital Animation Award is offered to help encourage students to cultivate skills in design and  creation of animation while telling a story about the impact of technology on society. This award is open to all  FIRST Robotics Competition teams and FIRST Tech Challenge teams and is optional. More information can be  found on the Digital Animation Award webpage.  6.6.2 Safety Animation Award sponsored by UL Solutions  The 2025-26 theme for the Safety Animation Award, sponsored by UL Solutions, is: Unearth Safety! For this  animation teams are invited to dig deep to uncover impactful ways to implement safe and sustainable  practices. Use bold storytelling and imaginative artistry to create a memorable message that inspires  responsible exploration and careful stewardship of our resources. More information can be found on the  Safety webpage.    7 Game Sponsor Recognition  Thank you to the 2025-26 FIRST Tech Challenge season presenting sponsor, RTX.   8 Game Overview  In DECODE™ presented by RTX 2 competing ALLIANCES of 2 teams each score purple and green ARTIFACTS in  their GOAL, build PATTERNS, and race back to their BASE before time runs out.   Just before the match starts, the OBELISK is randomized to show one of 3 MOTIFS. The MOTIF for the MATCH  defines what color PATTERN robots try to create on their RAMPS.   During the first 30 seconds of the MATCH, the ROBOTS operate autonomously. ROBOTS can use sensors to  decode the randomized MATCH MOTIF. ROBOTS can earn points by scoring ARTIFACTS in their GOAL and  building a PATTERN on their RAMP based on the MOTIF. ROBOTS also earn points for moving off the LAUNCH  LINE.   During the remaining 2 minutes of the MATCH, human DRIVERS take control of their ROBOT. ROBOTS collect  and continue to score ARTIFACTS in their GOAL to earn points. DRIVE TEAM members can retrieve ARTIFACTS  from the ALLIANCE'S LOADING ZONE and help their ROBOTS by loading them with ARTIFACTS.  As time runs out, ALLIANCES can work together to return both of their ROBOTS to the BASE. ALLIANCES that  build PATTERNS based on the MOTIF at the end of the MATCH earn additional points.   The ALLIANCE that earns the most points wins the MATCH and additional RANKING POINTS can be earned  though completing other scoring achievements. 9 ARENA  The ARENA includes all elements of the game infrastructure that are required to play DECODE: the FIELD,  SCORING ELEMENTS, queue area, team media area, and all equipment needed for event management.  Figure 9-1 DECODE (queue area, FIELD display, and optional media area not pictured)  9.1 Dimensions and Accuracy  The specifications for the DECODE FIELD can be retrieved from a few locations:  The 3D CAD model is the official representation of the DECODE FIELD and how it is constructed.  - Measurements may be taken from this model with a general tolerance of +/- 1 in. (+/- 2.5 cm).  Illustrations included in the Competition Manual are for a general visual understanding of the  - DECODE ARENA, and any dimensions included are nominal. Unless specifically noted, all these  dimensions carry a tolerance of +/- 1 in. (+/- 2.5 cm).  The Event FIELD Setup Guide includes instructions on how to build the FIELD, and along with  - showing the ways construction type will influence the field tolerances, it also includes many of the  key dimensions which are listed in the Official FIELD Drawings.  The FIELD Acceptance Checklist includes the controlled dimensions (with relevant tolerances)  - which will be regularly inspected by event staff.  The FIELD Mitigation Guide provides FIELD STAFF recommended mitigation measures for issues  - with the field during an event.  The complete list of DECODE FIELD resources are posted on the Playing FIELD Resources page on the FIRST website.   9.2 FIELD  Each FIELD for DECODE is an approximately 144 in. by 144 in. (365.75 cm by 365.75 cm) area bounded by the  inside surface of the walls of the FIELD perimeter. The flooring surface of the FIELD is made of 36 interlocking  soft foam TILES which are each approximately 24 in. by 24 in. by 0.59 in. (60.95 cm by 60.95 cm by 1.50 cm)  nominally sized.   The FIELD is populated with and surrounded by the following FIELD elements:   1 CLASSIFIER per ALLIANCE which consists of a SQUARE, a RAMP, and a GATE  - 1 GOAL per ALLIANCE   - 1 OBELISK  - Official events use the full DECODE FIELD manufactured and sold by AndyMark (am-5400_Full) or officially  licensed equivalent.   The surface of the FIELD is FIRST Tech Challenge Field Soft Tiles (am-2499) or equivalent.  The primary version of the FIELD perimeter is the FIRST Tech Challenge Perimeter Kit (am-0481) sold by  AndyMark. All illustrations in this manual show the am-0481 version of the FIELD design. Other versions of the  FIELD perimeter of similar functionality may also be used in competitions.   Some events including the FIRST Championship (see section 15.2 Game Modification) will place the FIELDS  on platforms or risers such that the FIELD is raised while the ALLIANCE AREAS remain at ground level.  The FIELD variant used at an event will be determined by the local Program Delivery Partner and all  competition FIELDS at the same event must comply with Section 9.1 Dimensions and Accuracy and be  consistent with each other per T204.  9.3 Areas, Zones, & Markings   FIELD areas, zones, and markings of consequence are described below. The term "zone" is used to identify  spaces within the FIELD, while the term "area" is used to describe spaces outside of the FIELD. Unless  otherwise specified, the tape used to mark lines and zones throughout the FIELD is 1 in. (2.50 cm) wide 3M™  Premium Matte Cloth (Gaffers) Tape (GT1), ProGaff Premium Professional Grade Gaffer Tape, or comparable  gaffers tape in red, electric blue, and white. Areas outside the FIELD may be marked with other types or widths  of tape, depending on the event.  The tape used to mark lines and zones throughout the FIELD is shown as continuous strips in all official  specifications. However, events do not need to install the tape as a continuous strip:  After applying the tape, event staff may cut the tape at the tile seams so the TILES may be removed  - without replacing the tape.  Events may also apply the tape in multiple segments with gaps at the tile junctions.   - REFEREES are instructed to treat these line segments as a continuous line segment, ignoring gaps, when  applying game rules.  Figure 9-2 ALLIANCE AREA, LAUNCH LINES, and LAUNCH ZONE  ALLIANCE AREA: a 96 in. (243.85 cm) wide by 54 in. (137.15 cm) deep by infinitely tall volume  - formed by placing ALLIANCE colored tape onto the flooring surface outside of the FIELD. The  ALLIANCE AREA includes the taped lines (Figure 9-2).  DEPOT: the white tape approximately 30 in. (76.20 cm) long which spans the entire length of the  - GOAL front face and is located at the base of the GOAL. The DEPOT tape is a LAUNCH LINE (Figure  9-2).  LAUNCH LINE: the white tape which bounds 2 triangular LAUNCH ZONES, as well as 2 segments of  - white tape located at the base of the GOAL.(Figure 9-2).  LAUNCH ZONE: infinitely tall triangular volumes bounded by LAUNCH LINES and the FIELD  - perimeter. There are 2 LAUNCH ZONES: the LAUNCH ZONE on the audience side of the FIELD  spans a section 2 TILES wide and 1 TILE deep and the LAUNCH ZONE on the GOAL side of the  FIELD spans a section 6 TILES wide by 3 TILES deep. The LAUNCH ZONES include the tape that  defines the LAUNCH LINES (Figure 9-2).  Figure 9-3: SECRET TUNNEL, GATE ZONE, LOADING ZONE, and SPIKE MARKS (shown with ARTIFACTS removed)  BASE ZONE: an 18 in. +/- 0.125 in. (45.70 cm +/- 0.30 cm) wide by 18 in. +/- 0.125 in. (45.70 cm +/-  - 0.30 cm) deep infinitely tall volume bounded by ALLIANCE colored tape. The BASE ZONE is an  ALLIANCE specific zone belonging to the matching color ALLIANCE. The BASE ZONE includes the  tape lines (Figure 9-3).  GATE ZONE: a 2.75 in. (7.00 cm) wide by 10 in. (25.40 cm) long infinitely tall volume bounded by 2  - parallel 10 in. (25.40 cm) long ALLIANCE colored tape segments adjacent to each GATE. The GATE  ZONE includes the tape lines (Figure 9-3).  LOADING ZONE: an approximately 23 in. (58.40 cm) wide by 23 in. (58.40 cm) deep infinitely tall  - volume bounded by white tape and the adjoining FIELD perimeters. The LOADING ZONE includes  the tape lines (Figure 9-3). The LOADING ZONE is an ALLIANCE specific zone belonging to the  ALLIANCE with the adjacent ALLIANCE AREA.  SECRET TUNNEL ZONE: an approximately 46.5 in. (118.10 cm) long by approximately 6.125 in.  - (15.55 cm) wide infinitely tall volume bounded by ALLIANCE colored tape, the GOAL assembly, the  LOADING ZONE, and the adjoining FIELD perimeter. The SECRET TUNNEL ZONE includes the  ALLIANCE colored tape lines and excludes the white tape (Figure 9-3). The SECRET TUNNEL ZONE  is an ALLIANCE specific zone belonging to the matching color ALLIANCE.  SPIKE MARK: 1 of 6 white tape marks 10 in. (25.40 cm) long used to identify the placement of 3  - ARTIFACTS before the MATCH (Figure 9-3).  9.4 TILE Coordinates  TILE coordinates are used to assist with FIELD setup. Figure 9-4 defines the intersections of each of the TILES  on the FIELD where the TILE tabs interlock. Figure 9-5 defines the grid coordinate system for each of the TILES.   Figure 9-4: TILE tab-line locations  Figure 9-5: TILE locations  9.5 ALLIANCE AREA  An ALLIANCE AREA is the designated red or blue ALLIANCE AREA adjacent to the FIELD where the DRIVE  TEAMS stage themselves during a MATCH. The FIELD is oriented such that the red ALLIANCE AREA is located  on the left from the primary audience viewing direction.   Short tables, stands, or stools may be provided by the event which will sit near the FIELD perimeter inside the  ALLIANCE AREA. These tables are provided for teams to place their OPERATOR CONSOLES. If provided by the  event, these tables may not be removed or rearranged by the teams without permission from the Head  REFEREE, FIELD Supervisor, or FTA.  Figure 9-6: ALLIANCE AREA  9.6 OBELISK  The OBELISK is an equilateral triangular prism (we know, real obelisks have 4 sides) which is positioned with 1  of the rectangular faces centered on the GOAL-side of the FIELD, just outside of the FIELD perimeter. The  OBELISK is 23 in. (58.40 cm) tall and each rectangular face is 11 in. (27.95 cm) wide (Figure 9-7).   Figure 9-7: OBELISK dimensions  Each of the 3 rectangular faces of the OBELISK has an AprilTag (see section 9.10 AprilTags) which  corresponds to a different MOTIF. A MOTIF is a series of ARTIFACT colors, comprised of 2 purple (P) and 1  green (G), in a unique order. There are 3 MOTIFS in DECODE (GPP, PGP, PPG).   The OBELISK orientation is randomized by the FIELD STAFF using the event management software after DRIVE  TEAMS have set-up for the MATCH (G304). The event management software will determine which face of the  OBELISK should face towards the FIELD and the FIELD STAFF will put it in place. The location of the OBELISK  will be approximately centered along the outside edge of the FIELD perimeter with the face containing the  AprilTag approximately parallel to and contacting the FIELD perimeter wall.  9.7 GOAL  The GOAL is an approximately 27 in. (68.60 cm) by 27 in. (68.60 cm) by 54 in. (137.15 cm) tall structure  primarily composed of 0.39 in. (1.00 cm) thick polypropylene corrugated plastic sheet. The GOAL is a 3-sided  structure with a horizontal triangular shaped opening at the top. On the side where the CLASSIFIER connects to  the GOAL there is an exit archway (Figure 9-8).  Figure 9-8: GOAL with Archway exit  The opening of the GOAL is approximately 26.5 in. (67.30 cm) wide and 18.3 in. (46.45 cm) deep. The top lip of  the GOAL is 38.75 in. (98.45 cm) from the surface of the TILE. The maximum height of the backboard with the  FIRST Tech Challenge logo is 15 in. (38.10 cm) from the open top of the GOAL (Figure 9-9).   Figure 9-9: GOAL Dimensions  9.8 CLASSIFIER  The CLASSIFIER is a structure attached to the GOAL which has 3 main components: the SQUARE, RAMP, and  GATE (Figure 9-10).  Figure 9-10: CLASSIFIER with no SCORING ELEMENTS  9.8.1 SQUARE  The SQUARE (Figure 9-11) is a location at the top of the RAMP at which ARTIFACT scoring is assessed as per  10.5 Scoring.  Figure 9-11: SQUARE on the RAMP  9.8.2 RAMP  The RAMP is a structure made of primarily aluminum extrusion. The RAMP can fit up to 9 CLASSIFIED  ARTIFACTS before newly entered ARTIFACTS will OVERFLOW.   Figure 9-12: RAMP with no SCORING ELEMENTS  Figure 9-13: RAMP partially full of SCORING ELEMENTS  Figure 9-14: RAMP full of SCORING ELEMENTS with OVERFLOW  9.8.3 GATE  The GATE is an ALLIANCE specific FIELD element that prevents CLASSIFIED ARTIFACTS from exiting the  RAMP into the opposing ALLIANCE'S SECRET TUNNEL ZONE (Figure 9-15). OVERFLOW ARTIFACTS can pass  over the top of the GATE to exit the RAMP into the opposing ALLIANCE'S SECRET TUNNEL ZONE. The GATE is  closed by gravity and after opening it may or may not stay open to clear all CLASSIFIED ARTIFACTS.   Figure 9-15: GATE  The GATE is a ROBOT-activated, push to open mechanism which will release ARTIFACTS which are  CLASSIFIED on the RAMP (Figure 9-16).   When closed, the height of the contact area of the GATE above the surface of the TILE ranges from  approximately 3.75 in. (9.55 cm) to 5.5 in. (14.00 cm) and when open the contact point is approximately 3 in.  (7.60 cm) above the TILES (Figure 9-16). The total horizontal displacement required to move the GATE from  closed to open is approximately 2 in. (5.10 cm).  Figure 9-16: GATE Actuation: Open & Closed  9.9 SCORING ELEMENTS  SCORING ELEMENTS are ALLIANCE neutral ARTIFACTS. ARTIFACTS are 5 in. (12.70 cm) nominal Gopher  ResisDent™ polypropylene balls in purple (am-3376a_purple) and green (am-3376a_green). There are 24 purple  (P) ARTIFACTS and 12 green (G) ARTIFACTS total in a DECODE MATCH.   ARTIFACTS are not perfectly spherical and may vary in size. Teams should plan for this variation when  designing their ROBOTS. Based on the specifications provided by the manufacturer, ARTFACTS are specified  to be 4.9 in +/- 0.25 in. (12.45 cm +/- 0.65 cm) in diameter at the mold seam.  Figure 9-17: SCORING ELEMENTS (ARTIFACTS)  9.10AprilTags  AprilTags for DECODE are 8.125 in. (~20.65 cm) square targets from the 36h11 tag family (Figure 9-18).   AprilTags are placed on the front face of the GOAL to help aid in ROBOT navigation and targeting. The red  ALLIANCE GOAL has ID 24, and the blue ALLIANCE GOAL has tag ID 20. Each marker has an identifying "TAG  ID" text label (Figure 9-19).   AprilTags with the ID 21, 22, 23 are located on each rectangular face of the OBELISK, which is placed outside  of the FIELD and can be used to identify the MOTIF for the MATCH.   Figure 9-18: AprilTag Locations on the DECODE FIELD  Figure 9-19: AprilTag location on the GOAL   9.11FIELD STAFF  FIELD STAFF are volunteers present in and around the ARENA that are responsible for making sure the  MATCHES are cycled through efficiently, fairly, safely, and with a spirit of cooperation, Gracious  Professionalism, and generosity of spirit. FIELD STAFF roles are filled by volunteers from the community who  prepare for the event with thorough training and certification. There are 3 FIELD-side key volunteer roles with  whom teams should be familiar with and are encouraged to use as resources to make their event experience  valuable.  Head REFEREE - trains, directs, and supervises REFEREES. They oversee all scoring processes and  - procedures in collaboration with other FIELD STAFF. They interact with STUDENTS, volunteers, and  event staff. The Head REFEREE has final authority for decisions regarding MATCH scores, FOULS,  and YELLOW and RED CARD assignments.   FIRST Technical Advisor (FTA) - ensures events run smoothly, safely, and in accordance with FIRST - requirements. The FTA collaborates with FIRST staff, event staff, and other event volunteers in  many different areas at events. The FTA focuses on all technical things related to the FIELD,  ROBOTS, and game, and acts as a team advocate for all teams competing at the event.   FIELD Supervisor - (may be the same as the FTA or Head REFEREE at smaller events) directs  - activity on the FIELD to ensure efficient execution of the MATCHES, pacing of the event, and  smooth flow of MATCH play. FIELD Supervisors are responsible for ensuring the FIELD is intact and  lead FIELD reset teams, who are responsible for resetting the FIELD after each MATCH in  preparation for the subsequent MATCH.   9.12Event Management System  The FIRST event management system is the software responsible for managing the MATCH scores and other  event inputs. The system encompasses all FIELD electronics, including computers, displays, REFEREE and  other volunteer electronic devices, wireless access point, ethernet cables, etc.   The FIRST event management system alerts participants to milestones in the MATCH using audio cues  detailed in Table 9-1. Please note that audio cues are intended as a courtesy to participants and not intended  as official MATCH markers. If there is a discrepancy between an audio cue and the visual FIELD timers, the  visual FIELD timers are the authority.   Table 9-1 Audio cues  Event  Timer Value Audio Cue  MATCH start  2:30  "Cavalry Charge"  AUTO ends  2:00  "Buzzer x 3"  AUTO to TELEOP Transition 0:07 to 0:01  "Drivers, pick up your controllers, 3-2-1"  TELEOP begins  2:00  "3 Bells"  Final 20 seconds  0:20  "Train Whistle"  MATCH end  0:00  "3-second Buzzer"   MATCH stopped  N/A  "Foghorn"  10Game Details  Figure 10-1: FIELD for DECODE  In DECODE, 2 ALLIANCES (an ALLIANCE is a cooperative of 2 FIRST Tech Challenge teams) play MATCHES,  set up and implemented per the details described below.  10.1MATCH Overview  MATCHES run on a typical 5- to 12-minute cycle time per FIELD, which consists of pre-MATCH setup, a 30- second AUTO period, an 8-second transition period between AUTO and TELEOP, and a 2-minute TELEOP  period, followed by the post-MATCH reset.  During the MATCH, ROBOTS collect ARTIFACTS and score them into their GOAL to CLASSIFY and create the  randomly selected MOTIF. ROBOTS can then open their GATE to continue CLASSIFYING additional  ARTIFACTS. ARTIFACTS which do not drop into the RAMP will count as OVERFLOW.  ROBOTS conclude the MATCH by returning to their BASE.    10.2DRIVE TEAM  A DRIVE TEAM is a set of up to 4 people from the same FIRST Tech Challenge team responsible for team  performance for a specific MATCH. There are 3 specific roles on a DRIVE TEAM which ALLIANCES can use to  assist ROBOTS, and no more than 1 member of the DRIVE TEAM is allowed to be a non-STUDENT.   Table 10-1: DRIVE TEAM roles  Max./  Role  Description  Criteria  DRIVE TEAM  any team member and may be an adult,  DRIVE COACH  a guide or advisor  1  must wear "DRIVE COACH" badge  an operator and controller  DRIVER  of the ROBOT  STUDENT, must wear a "DRIVE TEAM"  3  badge  a SCORING ELEMENT  HUMAN PLAYER  manager  A STUDENT is a person who has not completed high-school, secondary school, or the comparable level in their  home region as of September 1st of the current season.   10.3Setup  Before each MATCH begins, FIELD STAFF stage SCORING ELEMENTS as described in section 10.3.1  SCORING ELEMENTS DRIVE TEAMS stage their ROBOTS (as described in section 10.3.4 ROBOTS) and  OPERATOR CONSOLES (as described in section 10.3.3 OPERATOR CONSOLES). Then, DRIVE TEAMS take their  places as described in section 10.3.2 DRIVE TEAMS 10.3.1SCORING ELEMENTS  Figure 10-2: SCORING ELEMENTS staging positions  24 purple (P) and 12 green (G) ARTIFACTS and are staged on the FIELD as follows, with the MOTIFS starting  from the middle of the FIELD and continuing toward the FIELD perimeter:  A.3 ARTIFACTS on each SPIKE MARK arranged as follows:  i.Near (audience side): GPP  ii.Middle: PGP  iii.Far (GOAL side): PPG  B.3 ARTIFACTS (2P, 1G) in each LOADING ZONE biased against the FIELD perimeter adjacent  to the ALLIANCE AREA and closest to the corner arranged PGP.  C.6 ARTIFACTS (4P, 2G) in each ALLIANCE AREA (may be organized in provided ARTIFACT  tray or similar container) with no set order  Each ROBOT may be pre-loaded with up to 3 ARTIFACTS from their own ALLIANCE AREA pre-staged  ARTIFACTS in C such that each ARTIFACT is in direct contact with the ROBOT.  10.3.2DRIVE TEAMS   DRIVE TEAMS prepare for a MATCH by staging in the ALLIANCE AREA after the DRIVE TEAM from the previous  MATCH has left. DRIVE TEAM starting conditions are listed below, and a DRIVE TEAM obstructing or delaying  any of the conditions is at risk of violating G301.   A.only DRIVE TEAM members assigned to the upcoming MATCH are present.  B.only DRIVE TEAM members whose ROBOTS have passed initial, complete Inspection are  present.  C.DRIVE TEAM members are staged in their designated ALLIANCE AREA. If members of the  ALLIANCE cannot agree where their DRIVE TEAM members will be staged, the team listed  on the MATCH schedule as "Red 1" or "Blue 1" will stage closest to the audience.   D.DRIVE TEAM members clearly display their designated DRIVE TEAM badges above their  waists.   E.if a Playoff MATCH, the ALLIANCE CAPTAIN clearly displays their designated ALLIANCE  CAPTAIN identifier (e.g., hat or armband).  10.3.3OPERATOR CONSOLES  DRIVE TEAMS set up their OPERATOR CONSOLES as soon as they are staged in their ALLIANCE AREA.  OPERATOR CONSOLES must be compliant with all relevant rules, specifically those in section 12.9 OPERATOR  CONSOLE. A DRIVE TEAM obstructing or delaying OPERATOR CONSOLE set up is at risk of violating G301.  A.DRIVE TEAMS intending to run an OpMode during AUTO must select an OpMode within their  DRIVER STATION app with the 30 second timer enabled.   B.Otherwise, DRIVE TEAMS must select a TELEOP OpMode within the DRIVER STATION app.  C.The selected OpMode must be initialized by pressing the "INIT" button on the DRIVER  STATION app.   10.3.4ROBOTS  DRIVE TEAMS stage their ROBOT in accordance with G304. A DRIVE TEAM obstructing or delaying ROBOT  setup requirements is at risk of violating G301.   If order of placement matters to either or both ALLIANCES, the ALLIANCE notifies the Head REFEREE or their  designee before setting up for that MATCH, and the Head REFEREE instructs ALLIANCES to alternate  placement of ROBOTS. REFEREE instructions are that ROBOTS are placed in the following order:   1.first red ROBOT  2.first blue ROBOT  3.second red ROBOT  4.second blue ROBOT  In Qualification MATCHES the ROBOT assigned to Red 1 or Blue 1 places first within their ALLIANCE. In Playoff  MATCHES the ALLIANCE lead decides which ROBOT places first within their ALLIANCE.  10.4MATCH Periods  The first period of each MATCH is 30 seconds (0:30) long and called the Autonomous Period (AUTO). During  AUTO, ROBOTS operate without any DRIVER control or input. There is an 8-second delay between AUTO and  TELEOP for scoring purposes as described in Section 10.5 Scoring.  The second period of each MATCH is 2 minutes (2:00) long and called the teleoperated period (TELEOP).  During TELEOP, DRIVERS remotely operate ROBOTS to score points. See Table 9-1 for detailed MATCH timing.   10.5Scoring  ALLIANCES are rewarded for accomplishing various actions throughout a MATCH, including LEAVING their  LAUNCH LINE, scoring CLASSIFIED or OVERFLOW ARTIFACTS, scoring ARTIFACTS in the DEPOT, achieving a  PATTERN of ARTIFACTS, returning to their BASE, and winning or tying MATCHES.   ALLIANCES are rewarded for their performance during MATCHES via MATCH points and RANKING POINTS  (RP), which increase the measure used to rank teams per section 13.6.3 Qualification Ranking.   All achievements are updated by FIELD STAFF throughout the MATCH. Scoring achievements are assessed as  follows:  A.Assessment of ARTIFACTS as either CLASSIFIED or OVERFLOW occurs throughout the  MATCH and continues until all ARTIFACTS have come to rest following the conclusion of  the MATCH. ARTIFACTS that meet scoring criteria prior to the start of TELEOP are assessed  as part of AUTO  B.Assessment of AUTO PATTERN scoring occurs at when all ARTIFACTS have come to rest  following the conclusion of AUTO or the start of TELEOP, whichever comes first.  C.Assessment of TELEOP PATTERN scoring occurs when all ROBOTS and ARTIFACTS have  come to rest following the conclusion of the MATCH.   D.Assessment of DEPOT scoring occurs at the end of TELEOP when all ROBOTS and  ARTIFACTS have come to rest following the conclusion of the MATCH.  E.Assessment of LEAVE scoring occurs at the end of AUTO.  F.Assessment of BASE scoring occurs at the end of the TELEOP.  10.5.1ARTIFACT Scoring Criteria  To qualify for CLASSIFIED or OVERFLOW points, an ARTIFACT must enter the GOAL through the open top, exit  under the archway, and pass through the diverting SQUARE. The determination of whether an ARTIFACT is  CLASSIFIED or OVERFLOW is made as the ARTIFACT passes through the diverting SQUARE as follows:  An ARTIFACT that passes through the SQUARE and transitions directly to the RAMP is considered  - CLASSIFIED.   An ARTIFACT that passes through the SQUARE but does not meet CLASSIFIED criteria is  - considered OVERFLOW.   To qualify for DEPOT points, ARTIFACTS must be over the DEPOT.   DEPOTS are ALLIANCE specific and are tied to the GOAL they are adjacent to.   - DEPOT points are assessed after the MATCH without regard to which ALLIANCE placed the  - ARTIFACTS in the DEPOT.   DEPOTS are not protected zones, and either ALLIANCE can remove ARTIFACTS from either DEPOT  - during the MATCH.  Figure 10-3: Example DEPOT scoring  10.5.2PATTERN Scoring Criteria  At the end of AUTO and TELEOP, ARTIFACTS that are directly on the RAMP score for PATTERN points if the  color of the ARTIFACT in order matches the MOTIF color for that index, and the ARTIFACTS are retained by the  GATE.   The randomization of the OBELISK prior to the start of the MATCH selects the MOTIF which is repeated 3  times to define the PATTERN colors for each of the 9 indices on the RAMP (Figure 10-4). PATTERN points are  scored based on the color of the ARTIFACT on the RAMP matching the individual index color defined by the  MOTIF (Figure 10-5).  Figure 10-4: MOTIFS as defined by the OBELISK  RAMP  OBELISK  Index  1  2  3  4  5  6  7  8  9  GPP GATE  G P P G P P G P P SQUARE  (ID 21)  P GP GATE  P G P P G P P G P SQUARE  (ID 22)  PP G GATE   P P  G P P G P P G SQUARE  (ID 23)  MOTIF Figure 10-5: Example PATTERN scoring with GPP scoring   PATTERN Scored  ARTIFACTS - 123456789 Index  GATE  G  P  P  G  P  P  G  P  P  SQUARE  MOTIF (GPP) 10.5.3ROBOT Scoring Criteria  To qualify for LEAVE points, a ROBOT must move such that it is no longer over any LAUNCH LINE at the end of  AUTO.   To qualify for BASE points, a ROBOT must be either fully returned or partially returned by meeting the following  conditions:  A ROBOT fully returned to BASE must only be supported, either directly or transitively, by the TILE in  - the BASE ZONE.  A ROBOT partially returned to BASE must be partially supported, either directly or transitively, by the  - TILE in the BASE ZONE.  10.5.4Point Values  Table 10-2: DECODE point values  MATCH points  RANKING  POINTS  AUTO  TELEOP  LEAVE  3  CLASSIFIED  3  3  ARTIFACT  OVERFLOW  1  1  DEPOT  1  PATTERN  ARTIFACT matches MOTIF  2  2  Partially returned to BASE  5  Fully returned to BASE  10  BASE  Additional Bonus: 2 ROBOTS fully  10  returned to BASE.  MOVEMENT RP - Combined LEAVE + BASE points earned at or above  1  threshold  GOAL RP - The number of ARTIFACTS scored through the SQUARE at or  1  above threshold  PATTERN RP - PATTERN points earned at or above threshold  1  Completing a MATCH with more MATCH points than your  WIN  3  opponent  Completing a MATCH with the same MATCH points as your  TIE  1  opponent  Table 10-3: DECODE RP thresholds  Regional  All Other  FIRST  RP Type  Championships  Events*  Championship  MOVEMENT RP  21  21  16  GOAL RP  67  42  36  PATTERN RP  22  22  18  10.6Violations  FIRST Tech Challenge uses 3 words in the context of how durations and actions are assessed with regards to  evaluation of rules and assignment of violations. These words provide general guidance to describe  benchmarks. It is not the intent for REFEREES to provide a count during the time periods.  MOMENTARY describes durations that are fewer than approximately 3 seconds.  - CONTINUOUS describes durations that are more than approximately 10 seconds.  - REPEATED describes actions that happen more than once within a MATCH.   - Unless otherwise noted, all penalties are assigned for each instance of a rule violation, and a single action may  violate multiple rules. A description of the penalties is listed in Table 10-4. All rules throughout the Game Rules  section are called as perceived by a REFEREE.   Table 10-4: Rule violations  Penalty  Description  MINOR FOUL  a credit of 5 points towards the opponent's MATCH point total  MAJOR FOUL   a credit of 15 points towards the opponent's MATCH point total  a warning issued by the Head REFEREE for egregious ROBOT or team member  behavior or rule violations. A subsequent YELLOW CARD within the same tournament  YELLOW CARD  phase results in a RED CARD  a penalty issued by the Head REFEREE for egregious ROBOT or team member  behavior or rule violations which results in a team being DISQUALIFIED for the  RED CARD  MATCH.  The REFEREE instructs the team to stop the ROBOT which will deactivate all outputs,  DISABLED  rendering the ROBOT inoperable for the remainder of the MATCH.   the state of a team in which they receive 0 MATCH points and 0 RANKING POINTS in a  DISQUALIFIED  Qualification MATCH or causes their ALLIANCE to receive 0 MATCH points in a  Playoff MATCH.  VERBAL  a warning issued by event staff or the Head REFEREE  WARNING  ALLIANCE is  An ALLIANCE is ineligible for the specified RP for that MATCH. This overrides any RP  ineligible for  awarded through normal MATCH play or other rule violations.   RP  10.6.1YELLOW and RED CARDS  In addition to rule violations explicitly listed throughout this document, YELLOW CARDS and RED CARDS are  used in FIRST Tech Challenge to address team and ROBOT behavior that does not align with the mission,  values, and culture of FIRST.  The Head REFEREE may assign a YELLOW CARD as a warning, or a RED CARD for egregious behavior deemed  inappropriate at a FIRST Tech Challenge event. A team that has received either a YELLOW or a RED CARD  carries a YELLOW CARD into subsequent MATCHES, except as noted below. A RED CARD results in MATCH  DISQUALIFICATION.  A YELLOW or RED CARD is indicated by the Head REFEREE holding a YELLOW and/or RED CARD in the air  while a member of the FIELD STAFF describes the violation to the audience.   YELLOW CARDS are additive, meaning that a second YELLOW CARD is automatically converted to a RED  CARD. A team is issued a RED CARD for any subsequent incident in which they receive an additional YELLOW  CARD, including earning a second YELLOW CARD during a single MATCH. A second YELLOW CARD is  indicated by the Head REFEREE holding a YELLOW CARD and RED CARD in the air simultaneously after the  completion of the MATCH. A team that has received either a YELLOW CARD or a RED CARD carries a YELLOW  CARD into subsequent MATCHES, except as noted below. In the event MATCHES are played out-of-order, a  subsequent MATCH is any chronologically later MATCH play, regardless of the originally scheduled time or the  numbering of the MATCH.  Once a team receives a YELLOW or RED CARD, its team number is presented with a yellow background on the  audience screen during all subsequent MATCHES, including any replays, as a reminder to the team, the  REFEREES, and the audience that they carry a YELLOW CARD.  Egregious behavior by a team, which cannot be resolved locally by the Head REFEREE or Event Director  working directly with the STUDENT and adult team members, will be escalated to FIRST Headquarters.  In  consultation with FIRST Headquarters the team may be DISQUALIFIED from all subsequent MATCHES and  removed from awards consideration.  Figure 10-6: Example audience screen graphic showing YELLOW CARD indicators  All YELLOW CARDS are cleared at the conclusion of Practice, Qualification, and division Playoff MATCHES.  VERBAL WARNINGS issued by the Head REFEREE are cleared after Practice MATCHES and persist from  Qualification MATCHES through subsequent tournament phases, except when stated otherwise.   10.6.2YELLOW and RED CARD application  YELLOW and RED CARDS are applied based on the following:  Table 10-5: YELLOW and RED CARD application  Time YELLOW or RED CARDS earned:  MATCH to which CARD is applied:  REFEREES may or may not be present at the FIELD  before the start of Qualification MATCHES. With  Prior to Qualification MATCHES  input from event staff, the Head REFEREE may opt  to perpetuate a VERBAL WARNING or YELLOW  CARD earned prior to Qualification MATCHES to  Time YELLOW or RED CARDS earned:  MATCH to which CARD is applied:  the first Qualification MATCH for particularly  egregious behavior.  team's current (or just completed) MATCH in  which they are not a SURROGATE.   during the Qualification MATCHES  For SURROGATE MATCHES the card is applied to  the team's previous Qualification MATCH.   between the end of Qualification  MATCHES and the start of Playoff  ALLIANCE'S first Playoff MATCH  MATCHES  during the Playoff MATCHES  ALLIANCE'S current (or just completed) MATCH   10.6.3YELLOW and RED CARDS during Playoff MATCHES  During Playoff MATCHES, YELLOW and RED CARDS are assigned to the violating team's entire ALLIANCE  instead of to only the violating team. If an ALLIANCE receives 2 YELLOW CARDS, the entire ALLIANCE is issued  a RED CARD which results in DISQUALIFICATION for the associated MATCH.   10.6.4Violation Details  There are several styles of violation wording used in this manual. Below are some example violations and a  clarification of the way the violation would be assessed. The examples shown do not represent all possible  violations, but rather a representative set of combinations.  Table 10-6: Violation examples  Example Violation  Expanded Interpretation  Upon violation, a MINOR FOUL is assessed against the violating  MINOR FOUL  ALLIANCE.  Upon violation, a MAJOR FOUL is assessed against the violating  MAJOR FOUL and  ALLIANCE. After the MATCH, the Head REFEREE presents the violating  YELLOW CARD  team with a YELLOW CARD.  MINOR FOUL per  Upon violation, a number of MINOR FOULS are assessed against the  SCORING ELEMENT  violating ALLIANCE equal to the number of additional SCORING  over the limit.  ELEMENTS beyond the permitted quantity.  Example Violation  Expanded Interpretation  Upon initial violation in a MATCH, a MINOR FOUL is assessed against  the violating ALLIANCE. If the condition in the second statement is  met: the ROBOT repeats the infraction in the MATCH, then a MAJOR  MINOR FOUL. MAJOR  FOUL is assessed against the violating ALLIANCE. Assuming no  FOUL if REPEATED.  additional infractions of that rule by that ROBOT in that MATCH, the  ROBOT is assessed a MINOR FOUL and a MAJOR FOUL for their  ALLIANCE.  Upon violation, a MINOR FOUL is assessed against the violating  MINOR FOUL and an  ALLIANCE and the REFEREE begins to count. Their count continues  additional MINOR  until the criteria to discontinue the count are met, and for each 3  FOUL for every 3  seconds within that time, an additional MINOR FOUL is assessed  seconds in which the  against the violating ALLIANCE. A ROBOT in violation of this type of  situation is not  rule for 15 seconds is assessed a total of 6 MINOR FOULS (assuming  corrected  no other rules were being simultaneously violated).  MAJOR FOUL and the  Upon violation, a MAJOR FOUL is assessed against the violating  opposing ALLIANCE  ALLIANCE and the opposing ALLIANCE is awarded the PATTERN RP,  is awarded the  regardless of the status of the scoring achievements during the  PATTERN RP.  MATCH.  Upon violation, a MAJOR FOUL is assessed against the violating team.   If the condition "if REPEATED" (e.g., a subsequent violation by the  same team in the same MATCH) is met, then the violating team is  MAJOR FOUL plus  issued another MAJOR FOUL. If these are the only violations during  YELLOW CARD if  the MATCH: after the MATCH, the Head REFEREE presents the  REPEATED.  violating team with a YELLOW CARD for the second violation of this  rule. In total, 2 MAJOR FOULS and a YELLOW CARD were assessed  during the MATCH.  Upon violation, a VERBAL WARNING is issued to the violating team. If  VERBAL WARNING.  an additional violation of the same rule occurs later in the event,  YELLOW CARD if  including during the same MATCH, a later MATCH during the same  subsequent violations  event phase, or during a later event phase, then following the  occur during the  subsequent violations: after the MATCH, the Head REFEREE presents  event.  the violating team with a YELLOW CARD.  Example Violation  Expanded Interpretation  Upon a general violation of this rule, a MAJOR FOUL is assessed  against the violating ALLIANCE. After the MATCH, the Head REFEREE  MAJOR FOUL and  presents the violating team with a YELLOW CARD.   YELLOW CARD.  MAJOR FOUL and  However, if the opponent ROBOT is unable to drive, then upon  RED CARD if  violation, a MAJOR FOUL is assessed against the violating ALLIANCE.  opponent ROBOT is  After the MATCH, the Head REFEREE presents the violating team with  unable to drive.  a RED CARD.  Only 1 MAJOR FOUL is earned for a single violation.  10.7Head REFEREE  The Head REFEREE has the ultimate authority in the ARENA during the event but may receive input from  additional sources, e.g., FIRST personnel, FTA, Event Director, or other event staff. The Head REFEREE rulings  are final. No event staff, including the Head REFEREE, will review video, photos, artistic renderings, etc. of any  MATCH, from any source, under any circumstances.  10.8Other Logistics  SCORING ELEMENTS that leave the FIELD will be returned to the closest ARTIFACT tray or available DRIVER or  HUMAN PLAYER at the earliest safe opportunity by FIELD STAFF. Reintroduction of SCORING ELEMENTS must  follow rule G432.  An ARENA FAULT (an error in ARENA operation described in section 13.3 MATCH Replays) is not called for  MATCHES that accidentally begin with damaged SCORING ELEMENTS, the incorrect number of SCORING  ELEMENTS, or incorrectly placed SCORING ELEMENTS. Damaged SCORING ELEMENTS are not replaced until  the next MATCH reset. DRIVE TEAMS should alert the FIELD STAFF to any missing, incorrectly placed, or  damaged SCORING ELEMENTS prior to the start of the MATCH. During a MATCH, FIELD STAFF may follow  steps in the Field Mitigation Guide to mitigate some FIELD issues during a MATCH.  Once the MATCH is over and the Head REFEREE or their designee determines that the FIELD and FIELD STAFF  are ready, they will signal for DRIVE TEAMS to stop their ROBOTS, and to initiate FIELD reset and DRIVE TEAMS  to retrieve their ROBOTS.  During MATCH reset, the FIELD is cleared of ROBOTS and OPERATOR CONSOLES from the MATCH that just  ended, ROBOTS and OPERATOR CONSOLES for the subsequent MATCH are loaded into the FIELD by DRIVE  TEAMS, and FIELD STAFF reset ARENA elements.  11Game Rules (G)  11.1Personal Safety
G101	95	EVERGREEN	Humans, stay off the FIELD during the MATCH.	69	0	VERBAL WARNING.	Other than actions explicitly allowed in section 11.4.6 Human, a DRIVE TEAM member may only enter the FIELD during the following times: A.pre-MATCH set-up in order to place their ROBOT and pre-loaded SCORING ELEMENTS per  G301, G303, and G304, and  B.after a MATCH is over to stop and collect their ROBOT in a reasonable amount of time when  instructed to do so by the Head REFEREE or their designee.
G102	95	EVERGREEN	Be careful when interacting with ARENA elements.	37	0	VERBAL WARNING. YELLOW CARD if subsequent violations occur during the event.	A team member is prohibited from the following actions with regards to interaction with ARENA elements:   A.climbing on,  B.hanging from,  C.manipulating such that it does not return to its original shape without human intervention,  and  D.damaging.  11.2Conduct
G201	95	EVERGREEN	Be a good person.	33	0	VERBAL WARNING. YELLOW CARD if subsequent violations occur during the event.	All teams must be civil toward everyone and respectful of team and event equipment while at a FIRST Tech Challenge event. Please review the FIRSTCode of Conduct and Core  Values for more information.
G202	96	EVERGREEN	DRIVE TEAM Interactions.	16	0	VERBAL WARNING. YELLOW CARD if subsequent violations occur during the event.	DRIVE TEAM members cannot distract/interfere with the opposing ALLIANCE. This includes taunting or other disruptive behavior.
G203	96	EVERGREEN	Asking other teams to throw a MATCH - not cool.	50	0	VERBAL WARNING. RED CARD if subsequent violations occur during the event.	A team may not encourage an ALLIANCE of which it is not a member to play beneath its ability.   NOTE: This rule is not intended to prevent an ALLIANCE from planning and/or executing its own  strategy in a specific MATCH in which all the teams are members of the ALLIANCE.
G204	96	EVERGREEN	Letting someone coerce you into throwing a MATCH - also not cool.	49	0	VERBAL WARNING. RED CARD if subsequent violations occur during the event.	A team, as the result of encouragement by a team not on their ALLIANCE, may not play beneath its ability.   NOTE: This rule is not intended to prevent an ALLIANCE from planning and/or executing its own  strategy in a specific MATCH in which all the ALLIANCE members are participants.
G205	97	EVERGREEN	Throwing your own MATCH is bad.	27	0	VERBAL WARNING. RED CARD if subsequent violations occur during the event.	A team may not intentionally lose a MATCH or sacrifice RANKING POINTS in an effort to lower their own ranking and/or manipulate the rankings of other teams.
G206	97	EVERGREEN	Don't violate rules for RPs.	23	0	YELLOW CARD and the ALLIANCE is ineligible for PATTERN and GOAL RPs	A team or ALLIANCE may not collude with another team to each purposefully violate a rule in an attempt to influence RANKING POINTS.
G207	97	EVERGREEN	Do not abuse ARENA access.	54	0	VERBAL WARNING. YELLOW CARD if subsequent violations occur during the event.	A team member (except those DRIVE TEAM members on the DRIVE TEAM for the MATCH) granted access to restricted areas in and around the ARENA (e.g., via event  issued media badges) may not assist, coach, or use signaling devices during the MATCH. Exceptions  will be granted for inconsequential infractions and in cases concerning safety.
G208	98	EVERGREEN	Show up to your MATCHES.	30	0	DISQUALIFIED from the current MATCH.	If a ROBOT has passed initial, complete inspection, at least 1 member of its DRIVE TEAM must report to the ARENA and participate in each of their assigned Qualification  MATCHES.
G209	98	EVERGREEN	Keep your ROBOT together.	13	0	RED CARD.	A ROBOT may not intentionally detach or leave a part on the FIELD.
G210	98	EVERGREEN	Do not expect to gain by doing others harm.	43	0	MINOR FOUL. MAJOR FOUL if REPEATED. The ALLIANCE that was forced to break a rule will  not be assessed a penalty.	Actions clearly aimed at forcing the opponent ALLIANCE to violate a rule are not in the spirit of FIRST Tech Challenge and not allowed. Rule violations forced in  this manner will not result in an assignment of a penalty to the targeted ALLIANCE.
G211	98	EVERGREEN	Egregious or exceptional violations.	107	0	YELLOW or RED CARD.	Egregious behavior beyond what is listed in the rules or subsequent violations of any rule or procedure during the event is prohibited.  In addition to rule violations explicitly listed in this manual and witnessed by a REFEREE, the Head  REFEREE may assign a YELLOW or RED CARD for egregious ROBOT actions or team member behavior  at any time during the event.  Continued violations will be brought to FIRST Headquarters' attention. FIRST Headquarters will work  with event staff to determine if further escalations are necessary, which can include removal from  award consideration and removal from the event.  Please see section 10.6.1 YELLOW and RED CARDS for additional detail.
G212	99	EVERGREEN	All teams can play.	22	0	YELLOW CARD. RED CARD if the ROBOT does not participate in the MATCH	A team may not encourage another team to exclude their ROBOT or be DISQUALIFIED from a Qualification MATCH for any reason.  11.3Pre-MATCH
G301	99	EVERGREEN	Be prompt.	65	0	If a Qualification MATCH: VERBAL WARNING. MAJOR FOUL for the upcoming MATCH if a subsequent  violation occurs within the tournament phase. If the DRIVE TEAM is not MATCH ready within 2 minutes of  the VERBAL WARNING/MAJOR FOUL, and the Head REFEREE perceives no good faith effort by the DRIVE  TEAM to quickly become MATCH ready, DISABLED.   If a Playoff MATCH: a VERBAL WARNING is issued to the ALLIANCE. MAJOR FOUL for the ALLIANCE'S  upcoming MATCH if a subsequent violation occurs within the tournament phase. If the ALLIANCE is not  MATCH ready within 2 minutes of the VERBAL WARNING/MAJOR FOUL having been issued, and the  Head REFEREE perceives no good faith effort by the DRIVE TEAM(s) to quickly become MATCH ready, the  offending team's ROBOT is DISABLED.	A DRIVE TEAM member may not cause significant delays to the start of their MATCH. Causing a significant delay requires both of the following to be true:  A.The expected MATCH start time has passed, and  B.The DRIVE TEAM has access to the ARENA and is neither MATCH ready nor making a good  faith effort, as perceived by the Head REFEREE, to quickly become MATCH ready.
G302	100	EVERGREEN	Limit what you bring to the FIELD	123	0	MATCH will not start until the situation is remedied. YELLOW CARD, if discovered or used  inappropriately during a MATCH.	. Items brought to the FIELD to be used for a MATCH, in addition to the ROBOT, OPERATOR CONSOLE, must fit in the team's designated ALLIANCE AREA, be worn or held  by members of the DRIVE TEAM, or be an item used as an accommodation (e.g., single-step stools that  do not roll/fold, crutches, cushion, kneeling mat,). Regardless of if the equipment fits the criteria above,  it may not:  A.be employed in a way that introduces a safety hazard,   B.extend more than 6 ft. 6 in. (~198 cm) above the TILES,  C.communicate with anything or anyone outside of the ARENA with the exception of medically  required equipment,  D.block visibility for FIELD STAFF or audience members, or   E.jam or interfere with anything in the ARENA.
G303	101	EVERGREEN	ROBOTS on the FIELD must come ready to play a MATCH.	70	0	The MATCH will not start until all requirements are met if there is a quick remedy. DISABLED if  it is not a quick remedy, and, at the discretion of the Head REFEREE, ROBOT must be re-inspected. RED  CARD if a team's ROBOT is not compliant with part B or C participates.	A ROBOT must meet all following MATCH- start requirements:   A.does not pose a hazard to humans, FIELD elements, or other ROBOTS.   B.has passed inspection, i.e., it is compliant with all ROBOT rules.  C.if modified after initial Inspection, it is compliant with I305.  D.is the only team-provided item left in the FIELD.  E.ROBOT SIGNS must indicate the correct ALLIANCE color (see R402).  F.ROBOT must be motionless following completion of OpMode initialization.
G304	102	EVERGREEN	ROBOTS must be set up correctly on the FIELD.	100	0	The MATCH will not start until all requirements are met if there is a quick remedy. DISABLED if  it is not a quick remedy.	A ROBOT must be positioned on the FIELD such that it meets all of the following requirements:    A.is over a LAUNCH LINE,  B.is either touching its own ALLIANCE's GOAL or the FIELD perimeter,  C.is fully contained on its own ALLIANCE's side of the FIELD (FIELD columns A, B, C for blue,  or FIELD columns D, E, F for red) (Figure 9-4),  D.not attached to, entangled with, or suspended from any FIELD element,  E.confined to its STARTING CONFIGURATION (see R101 and R102), and  F.in contact with no more than the allowed pre-load possession limit as described in section  10.3.1 SCORING ELEMENTS.
G305	103	EVERGREEN	Teams must select an OpMode.	72	0	MATCH will not start until the situation is remedied. DISABLED if ROBOT cannot initialize an  OpMode or the situation cannot be remedied quickly.	An OpMode must be selected on the DRIVER STATION app and initialized by pressing the INIT button. If this OpMode is an AUTO OpMode, the 30 second AUTO timer  must be enabled.   11.4In-MATCH  Rules in this section pertain to gameplay once a MATCH begins.  11.4.1AUTO  AUTO is the first 30 seconds of the MATCH, during which DRIVERS may not provide input to their ROBOTS, so  ROBOTS operate with only their pre-programmed instructions.
G401	103	EVERGREEN	Let the ROBOT do its thing.	78	0	MAJOR FOUL plus the ALLIANCE is not eligible for PATTERN points in AUTO if the ROBOT  LAUNCHES an ARTIFACT such that it enters the open top of the GOAL after the interaction and before the  end of AUTO.	As soon as FIELD STAFF begins the randomization process and until the end of AUTO, DRIVE TEAM members may not directly or indirectly interact with a ROBOT or an  OPERATOR CONSOLE, with the following exceptions:  A.to press the (▶) start button within a MOMENTARY reaction of the start of the MATCH,  B.to press the (■) stop button either at the team's discretion or instruction of the Head  REFEREE per T202, or  C.for personal safety or OPERATOR CONSOLE safety.
G402	104	GAMESPEC	No AUTO opponent interference.	92	0	MAJOR FOUL per instance of ROBOT contact in G402.A and MAJOR FOUL per ARTIFACT in	During AUTO, FIELD columns A, B, C constitute the blue side of the FIELD, and columns D, E, F (Figure 9-5) constitute the red side of the FIELD. During AUTO, a ROBOT may  not:  A.contact an opposing ALLIANCE'S ROBOT which is completely within the opposing  ALLIANCE'S side of the FIELD either directly or transitively through an ARTIFACT, or  B.disrupt an ARTIFACT from its pre-staged location on the opposing ALLIANCE'S side of the  FIELD either directly or transitively through contact with an ARTIFACT, or by LAUNCHING an  ARTIFACT directly into it.  G402.B.  11.4.2TELEOP
G403	105	EVERGREEN	ROBOTS are motionless between AUTO and TELEOP.	22	0	MAJOR FOUL.	Any powered movement of the ROBOT or any of its MECHANISMS is not allowed during the transition period between AUTO and TELEOP.
G404	105	EVERGREEN	ROBOTS are motionless at the end of TELEOP	28	0	MINOR FOUL. MAJOR FOUL per ARTIFACT if ROBOT LAUNCHES an ARTIFACT such that it  enters the open top of a GOAL after the end of TELEOP. MAJOR FOUL if ROBOT contacts a GATE after  the end of TELEOP.	.ROBOTS must no longer have powered movement after the end of TELEOP until the Head REFEREE or their designee signals that teams may retrieve their  ROBOTS.   11.4.3SCORING ELEMENT
G405	105	EVERGREEN	ROBOTS use SCORING ELEMENTS as directed.	27	0	MAJOR FOUL per SCORING ELEMENT.	A ROBOT may not deliberately use a SCORING ELEMENT in an attempt to ease or amplify a challenge associated with a FIELD element other than as  intended.
G406	106	EVERGREEN	Keep SCORING ELEMENTS in bounds.	24	0	MAJOR FOUL per SCORING ELEMENT.	A ROBOT may not intentionally eject a SCORING ELEMENT from the FIELD (either directly or by bouncing off a FIELD element or another ROBOT).
G407	106	EVERGREEN	Do not damage SCORING ELEMENTS.	13	0	VERBAL WARNING. MAJOR FOUL if REPEATED. DISABLED if the damage is caused by a  ROBOT, and the Head REFEREE determines that further damage is likely to occur. Corrective action (such  as eliminating sharp edges, removing the damaging MECHANISM, and/or reinspection) may be required  before the ROBOT may compete in subsequent MATCHES.	Neither a ROBOT nor a DRIVE TEAM member may damage a SCORING ELEMENT.
G408	106	GAMESPEC	No more than 3 at a time.	11	0	MINOR FOUL per SCORING ELEMENT over the limit. YELLOW CARD if excessive.	A ROBOT may not simultaneously CONTROL more than 3 ARTIFACTS. 11.4.4ROBOT
G409	107	EVERGREEN	ROBOTS must be under control.	51	0	DISABLED and VERBAL WARNING. YELLOW CARD if REPEATED or if subsequent violations  occur during the event.	A ROBOT must not pose an undue hazard to a human or an ARENA element during a MATCH in the following ways:   A.the ROBOT or anything it CONTROLS, i.e., a SCORING ELEMENT, disrupts anything outside  the FIELD or contacts a human that is outside the FIELD.  B.the ROBOT operation is dangerous.
G410	107	EVERGREEN	ROBOTS must stop when instructed.	29	0	MAJOR FOUL if greater-than-MOMENTARY delay plus RED CARD if CONTINUOUS.	If a team is instructed to DISABLE their ROBOT by a REFEREE per T202, a DRIVE TEAM member must press the (■) stop button on the DRIVER STATION app.
G411	107	EVERGREEN	ROBOTS must be identifiable.	17	0	VERBAL WARNING. MINOR FOUL if subsequent violations occur during the event.	A ROBOT'S team number and ALLIANCE color must not become indeterminate by determination of the Head REFEREE.
G412	107	EVERGREEN	Don't damage the FIELD.	7	0	VERBAL WARNING. DISABLED if the Head REFEREE infers that additional damage is likely.  YELLOW CARD for any subsequent damage during the event. Corrective action (such as eliminating sharp  edges, removing the damaging MECHANISM, and/or re-inspection) may be required before the ROBOT  will be allowed to compete in subsequent MATCHES.	A ROBOT may not damage FIELD elements.
G413	108	EVERGREEN	Watch your ARENA interaction.	28	0	MAJOR FOUL plus YELLOW CARD if REPEATED or if greater-than-MOMENTARY. DISABLED if  the Head REFEREE infers that damage is likely. Corrective action (such as removing the offending  MECHANISM, and/or re-inspection) may be required before the ROBOT will be allowed to compete in  subsequent MATCHES.	A ROBOT is prohibited from the following interactions with an ARENA element, except for SCORING ELEMENTS (per G407):   A.grabbing,  B.grasping,  C.attaching to,  D.becoming entangled with, or  E.suspending from.
G414	108	GAMESPEC	ROBOTS have horizontal expansion limits.	28	0	MINOR FOUL. MAJOR FOUL if the over-expansion is used for strategic benefit, including if it  impedes or enables a scoring action.	ROBOTS must comply with the horizontal expansion limits outlined in R105.A during the MATCH. Exceptions:  A.If the over-expansion is due to damage and not used for strategic benefit.
G415	108	GAMESPEC	ROBOTS have vertical expansion limits, with exceptions.	49	0	MINOR FOUL. MAJOR FOUL if the over-expansion is used for strategic benefit, including if it  impedes or enables a scoring action.	ROBOTS must comply with the vertical expansion limits outlined in R105. ROBOTS may only expand above 18 in. (45.70 cm) up to 38 in. (96.50  cm) if both of the following conditions are true:   A.during the final 20 seconds of the MATCH, and  B.when not in any LAUNCH ZONES.
G416	109	GAMESPEC	LAUNCHING in the LAUNCH ZONE only.	16	0	MINOR FOUL per LAUNCHED SCORING ELEMENT. MAJOR FOUL per LAUNCHED SCORING  ELEMENT if the SCORING ELEMENT enters the open top of the GOAL.	ROBOTS may only LAUNCH SCORING ELEMENTS when inside a LAUNCH ZONE or overlapping a LAUNCH LINE.
G417	109	GAMESPEC	ROBOTS only operate GATES as directed.	32	0	MAJOR FOUL and the opposing ALLIANCE is awarded the PATTERN RP if G417.A.	ROBOTS may not: A.contact, either directly or transitively through a SCORING ELEMENT, an opposing  ALLIANCE'S GATE, or B.apply, either directly or transitively through a SCORING ELEMENT, any closing force to either  GATE.
G418	109	GAMESPEC	ROBOTS may not meddle with ARTIFACTS on RAMPS.	51	0	MAJOR FOUL per ARTIFACT,and the ALLIANCE is ineligible for the PATTERN RP if G418.A, or  the opposing ALLIANCE is awarded the PATTERN RP if G418.B.	ROBOTS may not contact, either directly or transitively through a SCORING ELEMENT CONTROLLED by the ROBOT, ARTIFACTS on a RAMP,  including their own RAMP. Additionally, ROBOTS may not:   A.remove an ARTIFACT from their own RAMP except by operating the GATE, or  B.remove an ARTIFACT from the opponent's RAMP by any means.
G419	110	GAMESPEC	ROBOTS LAUNCH into their own GOAL.	65	0	MAJOR FOUL per ARTIFACT and the opposing ALLIANCE is awarded the PATTERN RP if	ROBOTS may not: A.intentionally place or LAUNCH ARTIFACTS directly onto their own RAMP, or  B.place or LAUNCH ARTIFACTS into the opponent's GOAL or onto the opponent's RAMP.  G419.B.  11.4.5Opponent Interaction  Note, G420 and G421 are mutually exclusive. A single ROBOT to ROBOT interaction which violates more than 1  of these rules results in the most punitive penalty, and only the most punitive penalty, being assessed.
G420	110	EVERGREEN	This is not combat robotics.	41	0	MAJOR FOUL and YELLOW CARD. MAJOR FOUL and RED CARD if opponent ROBOT is unable  to drive.	A ROBOT may not deliberately functionally impair an opponent ROBOT. Damage or functional impairment because of contact with a tipped-over or DISABLED opponent  ROBOT, which is not perceived by a REFEREE to be deliberate, is not a violation of this rule.
G421	111	EVERGREEN	Do not tip or entangle.	18	0	MAJOR FOUL and YELLOW CARD. MAJOR FOUL and RED CARD if CONTINUOUS or opponent  ROBOT is unable to drive.	A ROBOT may not deliberately, as perceived by a REFEREE, attach to, tip, or entangle an opponent ROBOT.
G422	112	EVERGREEN	There is a 3-count on PINS.	175	0	MINOR FOUL and an additional MINOR FOUL for every 3 seconds in which the situation is not  corrected.	A ROBOT may not PIN an opponent's ROBOT for more than 3 seconds. A ROBOT is PINNING if it is preventing the movement of an opponent ROBOT by contact, either direct or  transitive (such as against a FIELD element) and the opponent ROBOT is attempting to move. A PIN  count ends once any of the following criteria below are met:   A.the ROBOTS have separated by at least 2 ft. (~61 cm) from each other for more than 3  seconds,  B.either ROBOT has moved 2 ft. from where the PIN initiated for more than 3 seconds, or  C.the PINNING ROBOT gets PINNED.   For criteria A, the PIN count pauses once ROBOTS are separated by 2 ft. until either the PIN ends or the  PINNING ROBOT moves back within 2 ft., at which point the PIN count is resumed.   For criteria B, the PIN count pauses once either ROBOT has moved 2ft from where the PIN initiated until  the PIN ends or until both ROBOTS move back within 2ft., at which point the PIN count is resumed.
G423	112	EVERGREEN	Do not use strategies intended to shut down major parts of gameplay.	27	0	MINOR FOUL and an additional MINOR FOUL for every 3 seconds in which the situation is not  corrected.	A ROBOT or ROBOTS may not, in the judgment of a REFEREE, isolate or close off any major element of MATCH play for a greater-than- MOMENTARY duration.
G424	112	GAMESPEC	GATE ZONE is OFF LIMITS.	50	0	MINOR FOUL.	A ROBOT may not contact, directly or transitively though a SCORING ELEMENT, an opponent ROBOT if either ROBOT is in the opponent's GATE ZONE, regardless of who  initiates contact. Exceptions:   A.A ROBOT in their own ALLIANCE'S GATE ZONE and in their opponent's SECRET TUNNEL  ZONE is not protected under G424.
G425	113	GAMESPEC	Keep out of opponent's SECRET TUNNEL	26	0	MINOR FOUL.	A ROBOT in the opponent's SECRET TUNNEL ZONE may not contact, directly or transitively though a SCORING ELEMENT, an opponent ROBOT regardless of who  initiates contact.
G426	113	GAMESPEC	LOADING ZONE protection.	29	0	MINOR FOUL.	A ROBOT may not contact, directly or transitively through a SCORING ELEMENT, an opponent ROBOT while either ROBOT is in the opponent's LOADING ZONE, regardless of  who initiates contact.
G427	114	GAMESPEC	BASE ZONE protection.	38	0	MAJOR FOUL and opponent ROBOT and any ROBOT fully supported by the contacted ROBOT  are awarded fully returned to BASE points.	During the last 20 seconds of the MATCH, a ROBOT may not contact, directly or transitively through a SCORING ELEMENT, an opponent ROBOT while either ROBOT is in the  opponent's BASE ZONE, regardless of who initiates contact.  11.4.6Human
G428	114	EVERGREEN	No wandering.	38	0	VERBAL WARNING. MINOR FOUL if subsequent violations occur during the event.	DRIVE TEAM members must remain in their designated ALLIANCE AREA. A.DRIVE TEAMS may be anywhere in their respective ALLIANCE AREA during a MATCH.  B.DRIVE TEAM members must be staged inside their respective ALLIANCE AREA prior to  MATCH start.
G429	115	EVERGREEN	DRIVE COACHES and other teams: hands off the controls.	78	0	MAJOR FOUL. YELLOW CARD if greater-than-MOMENTARY.	A ROBOT shall be operated only by the DRIVERS of that team; DRIVE COACHES may not handle the gamepads. DRIVE COACHES, if desired,  may help the DRIVERS in the following ways:   A.holding the DRIVER STATION device,   B.troubleshooting the DRIVER STATION device,  C.selecting OpModes on the DRIVER STATION app,   D.pressing the INIT button on the DRIVER STATION app,   E.pressing the (▶) start button on the DRIVER STATION app, or   F.pressing the (■) stop button on the DRIVER STATION app.
G430	115	EVERGREEN	DRIVE COACHES, SCORING ELEMENTS are off limits.	11	0	MINOR FOUL.	DRIVE COACHES may not contact SCORING ELEMENTS, unless for safety purposes.
G431	115	EVERGREEN	DRIVE TEAMS, watch your reach.	35	0	MAJOR FOUL plus YELLOW CARD if G431.A. RED CARD and the opposing ALLIANCE is  awarded the PATTERN RP if G431.C.	Once a MATCH starts, a DRIVE TEAM member inside the FIELD may not:   A.directly contact a ROBOT,  B.contact a SCORING ELEMENT in contact with a ROBOT,  C.disrupt SCORING ELEMENT scoring, or  D.contact a FIELD element.
G432	116	GAMESPEC	Humans, only meddle with ARTIFACTS in the LOADING ZONE.	101	0	MINOR FOUL per ARTIFACT. MAJOR FOUL per ARTIFACT that enters the open top of the GOAL.	DRIVE TEAM members may only introduce ARTIFACTS to, remove ARTIFACTS from, or move ARTIFACTS within the LOADING ZONE and  only the LOADING ZONE. Actions must occur:  A.only during TELEOP,  B.without using a tool,  C.without causing an ARTIFACT to enter into the LOADING ZONE from elsewhere on the  FIELD, and   D.without causing an ARTIFACT to leave the LOADING ZONE and enter the rest of the FIELD  unless the ARTIFACT is CONTROLLED by a ROBOT as follows:   i.ARTIFACT CONTROL begins when the ROBOT is in the LOADING ZONE, and   ii.ARTIFACT is still CONTROLLED by the ROBOT when the ROBOT leaves the LOADING  ZONE.
G433	116	GAMESPEC	Humans may only enter SCORING ELEMENTS.	10	0	MINOR FOUL per non-ARTIFACT item entered onto the FIELD.	DRIVE TEAM members may only enter ARTIFACTS onto the FIELD.
G434	116	GAMESPEC	The ALLIANCE AREA has a storage limit.	740	0	MINOR FOUL per ARTIFACT over the limit and an additional MINOR FOUL per ARTIFACT over  the limit for every 3 seconds in which the situation is not corrected.	During TELEOP, each ALLIANCE may not store more than 6 ARTIFACTS out of play. DRIVE TEAM members making a good-faith effort to immediately enter  additional ARTIFACTS back into play is an exception to this rule.  12ROBOT Construction Rules (R)  The rules listed below explicitly address legal parts and materials and how those parts and materials may be  used on a ROBOT. A ROBOT is an electromechanical assembly built by a FIRST Tech Challenge team to play  the current season's game and includes all the basic systems required to be an active participant in the game  -power, communications, control, and movement about the FIELD.   There are many reasons for the structure of the rules, including safety, reliability, parity, creation of a  reasonable design challenge, adherence to professional standards, and impact on the competition.  Another intent of these rules is to have all energy sources and active actuation systems on the ROBOT (e.g.,  batteries, motors, servos, and their controllers) drawn from a well-defined set of options. This is to ensure that  all teams have access to the same actuation resources and that the INSPECTORS can accurately and  efficiently assess the legality of a given part.  ROBOTS are made up of COMPONENTS and MECHANISMS.   A COMPONENT is any part in its most basic configuration, which cannot be disassembled without  - damaging or destroying the part or altering its fundamental function.   A MECHANISM is an assembly of COMPONENTS that provide specific functionality on the ROBOT.  - A MECHANISM can be disassembled (and then reassembled) into individual COMPONENTS  without damage to the parts.  Many rules in this section reference Commercial-Off-The-Shelf (COTS) items. A COTS item must be a standard  (i.e., not custom order) part commonly available from a VENDOR for all teams for purchase. To be a COTS  item, the COMPONENT or MECHANISM must be in an unaltered, unmodified state (with the exception of  installation or modification of any software). Items that are no longer commercially available but are  functionally equivalent to the original condition as delivered from the VENDOR are considered COTS.  A VENDOR is a legitimate business source for COTS items that satisfies all the following criteria:  A.has a Federal Tax Identification number. In cases where the VENDOR is outside of the United  States, they must possess an equivalent form of registration or license with the government of  their home nation that establishes and validates their status as a legitimate business licensed  to operate within that country.  B.is not a "wholly owned subsidiary" of a FIRST team or collection of teams. While there may be  some individuals affiliated with both a team and the VENDOR, the business and activities of the  team and VENDOR must be completely separable.  C.should maintain sufficient stock or production capability so they are able to ship any general  (i.e., non-FIRST unique) product within a timely manner. It is recognized that certain unusual  circumstances (such as a global supply chain disruption and/or 1,000 FIRST teams all ordering  the same part at once from the same VENDOR) may cause atypical delays in shipping due to  backorders for even the largest VENDORS. Such delays due to higher-than-normal order rates  are excused. This criterion may not apply to custom-built items from a source that is both a  VENDOR and a fabricator.  D.makes their products available to all FIRST Tech Challenge teams. A VENDOR must not limit  supply or make a product available to just a limited number of FIRST Tech Challenge teams.  A FABRICATED ITEM is any COMPONENT or MECHANISM that has been altered, built, cast, constructed,  concocted, created, cut, heat treated, machined, manufactured, modified, painted, produced, surface coated, or  conjured partially or completely into the final form in which it will be used on the ROBOT.  Teams may be asked to provide documentation (i.e., reference the relevant rule in this manual) proving the  legality of items during inspection where a rule specifies limits for a legal part (e.g., motors, servos, current  limits, COTS electronics).  Some of these rules make use of English unit requirements for parts. If your team has a question about a  metric-equivalent part's legality, please e-mail your question to customerservice@firstinspires.org for an  official ruling. This process should also be employed to seek approval for alternate parts/devices for inclusion  in future FIRST Tech Challenge seasons.  FIRST Tech Challenge can be a high-contact competition and may include rigorous gameplay. While the rules  aim to limit severe damage to ROBOTS, teams should design their ROBOTS to be robust.   12.1General ROBOT Design
R101	121	EVERGREEN	STARTING CONFIGURATION is limited to an 18-inch Cube.	55	0		In the STARTING CONFIGURATION (the physical configuration in which a ROBOT starts a MATCH), the ROBOT must be fully self-contained  within an 18 in. (45.70 cm) wide, by 18 in. (45.70 cm) long, by 18 in. (45.70 cm) high volume. The only  exception is that:  A.pre-loaded SCORING ELEMENTS may extend outside the starting size constraint.
R102	121	EVERGREEN	ROBOTS may assist in holding the STARTING CONFIGURATION.	64	0		In the STARTING CONFIGURATION, ROBOTS must be fully self-supported (i.e., does not exert force on the sides or top of a sizing tool).  ROBOTS may accomplish this using any combination of:   A.mechanical means while powered-off, and/or  B.initializing an OpMode that pre-positions servos and motors to a desired stationary position.  OpMode may control motors and servos to hold their position to maintain the STARTING  CONFIGURATION.
R103	122	EVERGREEN	There is no ROBOT weight limit.	11	0		There is no explicit weight limit for FIRST Tech Challenge ROBOTS.
R104	122	EVERGREEN	Keep it together.	9	0		ROBOTS may not be designed to intentionally detach COMPONENTS.
R105	123	GAMESPEC	There are expansion limits.	154	0		After the MATCH has started, ROBOTS may expand beyond the STARTING CONFIGURATION but are still subject to sizing constraints relative to the ROBOT, based on the initial  STARTING CONFIGURATION. The sizing constraints are:   A.After the start of the MATCH, ROBOTS may expand horizontally but must remain within a  fixed 18 in. (45.70 cm) by 18 in. (45.70 cm) when fully expanded per G414. ROBOTS must be  physically constrained to fit within these horizontal limits without the use of software.   B.After the start of the MATCH, ROBOTS may expand vertically up to 18 in. (45.70 cm).  ROBOTS may be physically constrained or software limited to fit within this vertical limit.  C.Within the limitations per G415, ROBOTS may expand vertically up to 38 in. (96.50 cm).  ROBOTS may be physically constrained or software limited to fit within this vertical limit.  Figure 12-1: Horizontal Expansion Limit Figure 12-2: Vertical Expansion Limit Examples 12.2ROBOT Safety & Damage Prevention
R201	125	EVERGREEN	Do not damage the TILE floor.	39	0		Traction devices must not have surface features which are known to damage the TILE floor. Traction devices are all parts of the ROBOT that are designed to transmit any  propulsive and/or braking forces between the ROBOT and the FIELD.
R202	125	EVERGREEN	No exposed sharp edges.	23	0		Protrusions from the ROBOT and exposed surfaces on the ROBOT shall not pose hazards to the ARENA elements (including SCORING ELEMENTS) or people.
R203	125	EVERGREEN	Design ROBOTS for safety and fair play.	262	0		ROBOT parts shall not be made from hazardous materials, be unsafe, cause an unsafe condition, or interfere with the operations of other ROBOTS. Examples of items  that will violate this rule include (but are not limited to):  A.shields, curtains, or any other devices or materials solely designed or used to obstruct or  limit the vision of any DRIVE TEAM members and/or interfere with their ability to safely  control their ROBOT,  B.speakers, sirens, air horns, or other audio devices that generate sound at a level sufficient to  be a distraction,  C.any devices or decorations specifically intended to jam or interfere with the remote sensing  capabilities of another ROBOT, including vision systems, acoustic range finders, sonars,  infrared proximity detectors, etc. This includes imagery on your ROBOT that utilizes or  closely mimics 36h11 AprilTags,  D.flammable gasses,  E.any device intended to produce flames or pyrotechnics,  F.hydraulic fluids or hydraulic items,   G.switches or contacts containing liquid mercury,  H.exposed, untreated hazardous materials (e.g., lead weights) used on the ROBOT. These  materials may be permitted if painted, encapsulated, or otherwise sealed to prevent contact.  These materials may not be machined in any way at an event,  I. high intensity light sources used on the ROBOT may only be illuminated for a brief time while  targeting and may need to be shrouded to prevent any exposure to participants. Complaints  about the use of such light sources will be followed by re-inspection and possible  disablement of the device,  J.animal based materials,  K.any device designed to damage or flip competing ROBOTS, and  L.devices or conditions that pose an unnecessary risk of entanglement.
R204	126	EVERGREEN	SCORING ELEMENTS stay with the FIELD.	19	0		ROBOTS must allow removal of SCORING ELEMENTS from the ROBOT and the ROBOT from FIELD elements while powered off.
R205	126	EVERGREEN	Do not make a mess on the FIELD.	50	0		ROBOTS may not contain any materials which if unintentionally released would damage the FIELD, other ROBOTS or delay the start of a MATCH due to required clean- up or decontamination.  Lubricants may be used only to reduce friction within the ROBOT and must not  contaminate the FIELD or other ROBOTS.
R206	126	EVERGREEN	Do not damage SCORING ELEMENTS.	17	0		ROBOT elements likely to contact SCORING ELEMENTS shall not pose a significant hazard to the SCORING ELEMENT.
R207	127	EVERGREEN	ROBOTS don't use air.	67	0		ROBOTS are restricted in their use of air in the following ways: A.ROBOTS may not use any closed air devices such as but not limited to pneumatic solenoids  or cylinders, gas storage vessels, gas springs, compressors, or vacuum generating devices.  Air-filled (pneumatic) wheels are exempt from this rule.  B.ROBOTS may not use any device which creates high-speed airflow, except COTS computing  devices manufactured with integrated cooling fans.
R208	127	EVERGREEN	No grabbing the floor.	30	0		ROBOTS may not use any mechanism which is designed to increase downforce by either grabbing FIELD surfaces or by using some form of generated airflow to provide downward  suction.  12.3Fabrication
R301	127	EVERGREEN	COTS MECHANISMS are legal but have limits.	49	0		COTS MAJOR MECHANISMS (as defined in I301) purposefully designed to complete a game task are prohibited. Allowed exceptions to this rule are:  A.COTS drive CHASSIS, provided none of the individual parts violate any other rules, and  B.COTS MAJOR MECHANISMS created as part of the official FIRST Tech Challenge  Starterbots.
R302	127	EVERGREEN	Legal COTS parts and raw materials can be modified.	22	0		Allowed raw materials and legal COTS parts can be modified (drilled, cut, painted, etc.) as long as no other rules are violated.
R303	128	EVERGREEN	COTS must be single DoF.	101	0		COTS COMPONENTS and MECHANISMS must not exceed a single degree of mechanical freedom (DoF). Examples of allowed COTS single degree of freedom MECHANISMS and  COMPONENTS are as follows:  A.linear slide kit,  B.linear actuator kit,  C.single speed (non-shifting) gearboxes,  D.pulley,  E.turntable,  F.lead screw, and  G.single DoF gripper.  Allowed exceptions to this rule are:  H.ratcheting devices (wrenches, bearings, etc.),  I. holonomic wheels (omni or mecanum),   J.dead-wheel odometry kits,   K.items that transfer motion between misaligned COMPONENTS (such as universal joints,  flexible shaft couplers, and similar items), and  L.items that connect structures at variable angles (such as ball joint linkages, rod ends, and  similar items).
R304	129	EVERGREEN	Custom parts can be reused year to year.	7	0		FABRICATED ITEMS created before Kickoff are permitted.
R305	129	EVERGREEN	Custom designs and software can be reused year to year.	9	0		ROBOT software and designs created before Kickoff are permitted.
R306	129	EVERGREEN	SCORING ELEMENTS are not allowed for ROBOT construction.	28	0		Current season SCORING ELEMENTS or replicas of SCORING ELEMENTS are not allowed to be used as part of ROBOT construction or for any  other team supplied SCORING ELEMENTS.
R307	129	EVERGREEN	During an event, work can occur outside of pit hours.	114	0		During an event a team is attending (regardless of whether the team is physically at the event location), the team may work on or practice with their  ROBOT or ROBOT elements outside of the hours that pits are open.  12.4ROBOT SIGN Rules  A ROBOT SIGN is a required assembly which attaches to the ROBOT. A ROBOT SIGN simultaneously identifies  a ROBOT'S team number as well as its ALLIANCE affiliation for FIELD STAFF. Criteria used in writing these  rules include the following:  Maximize FIELD STAFF'S ability to determine team number and ALLIANCE of a ROBOT,  - Minimize the amount of design challenge in creating ROBOT SIGNS, and  - Increase consistency in displaying ROBOT identification.  -
R401	130	EVERGREEN	Two ROBOT SIGNS per ROBOT.	94	0		ROBOT SIGNS must be placed in at least 2 separate locations on the ROBOT. These locations must be on opposite or adjacent surfaces of the ROBOT, ≥90 degrees apart.  All ROBOT surfaces visible to FIELD STAFF can be used for placing ROBOT SIGNS including the top of  the ROBOT. ROBOT SIGNS must meet the following criteria:  A.be made of a robust material,   B.minimally be 6.5 inches (16.5 cm) wide,  C.minimally be 2.5 inches (6.4 cm) tall (Figure 12-3), and  D.be supported by the structure/frame of the ROBOT.  Figure 12-3: Team Number ROBOT SIGN Sizing
R402	130	EVERGREEN	ROBOT SIGNS indicate your ALLIANCE.	145	0		Each ROBOT SIGN must contain a rectangle with a solid red or blue opaque background at least 6.5 in. by 2.5 in. (16.50 cm by 6.35 cm) in size to indicate their  ALLIANCE color (Figure 12-3), as assigned in the MATCH schedule at the event. Visible markings on  ROBOT SIGNS when installed on the ROBOT, other than the following, are prohibited:  A.those required per R403,  B.solid white FIRST logos no larger than 1.5 in. (3.80 cm) in height (Figure 12-5),  C.small amounts of hook-and-loop tape, hard fasteners, or functional equivalents,  D.narrow areas of differing colors exposed at corners, folds, or cutouts,  E.dark narrow markings on background solely for template purposes, and  F.cannot be powered or rely on power from any sources to illuminate/reveal ALLIANCE color.  Figure 12-4: Minimum sized ALLIANCE rectangle  Figure 12-5: Legal team number display for team 117 playing on the red ALLIANCE
R403	131	EVERGREEN	Team number on ROBOT SIGNS.	119	0		Team numbers must be displayed and positioned on the ROBOT SIGN as shown in Figure 12-3, Figure 12-6, and Figure 12-7 and meet the following additional criteria:  A.consist of solid opaque white Arabic numbers (e.g., 1,2,3,4) which are 2.25 in. +/-0.5 in. (5.70  cm +/- 1.25 cm) tall,  B.there must be a minimum of 0.25 in. (0.60 cm) of background surrounding the numbers,  C.numbers may not be vertically stacked (Figure 12-7),  D.be made of robust materials, and  E.cannot be powered or rely on power from any sources to illuminate/reveal numbers.  Figure 12-6: Legal number for team 21001 playing on the blue ALLIANCE  Figure 12-7: Team number orientation examples for team 1355 playing on the blue ALLIANCE  12.5Motors & Actuators
R501	133	EVERGREEN	Allowable motors.	175	0		The only allowed motor actuators are: Table 12-1: Motor allowances  Part Numbers  Motor Name Notes  Available  AndyMark NeveRest 12V DC  am-3104, am-3104b  AndyMark NeveRest Hex 12V DC am-3104c  goBILDA Yellow Jacket 520x Series 12V DC 5201-0002-0026, etc.  5201, 5202, 5203, and 5204 series goBILDA 5000 Series 12V DC  5000-0002-4008, etc.  Modern Robotics / MATRIX 12V DC 5000-0002-0001  Discontinued  NFR Products Yuksel 12V DC  NFR-600-100-000  REV Robotics HD Hex 12V DC  REV-41-1291  REV Robotics Core Hex 12V DC  REV-41-1300  Studica Robotics Maverick 12V DC 75001  SWYFT Robotics SWYFT Spike Motor  SR-MOTOR-DC-01  TETRIX MAX 12V DC  739530, 39530  Discontinued  TETRIX MAX TorqueNADO 12V DC  W44260  Factory installed vibration and autofocus motors resident in COTS computing devices (e.g., rumble motor  in a smartphone); can only be used as part of the device and cannot be removed and/or repurposed.  These motors do not count toward the limit in R503.  Motors integral to a COTS sensor (e.g., LIDAR, scanning sonar), provided the device is not modified  except to facilitate mounting. These motors do not count toward the limit in R503.
R502	134	EVERGREEN	Allowable servos.	152	0		Servo actuators must meet the requirements below. Servos must be compatible with the power regulation devices they are ultimately used with (per R505) and may include additional  servo position output interfaces (e.g., 4th Wire Position Feedback).  Table 12-2: Servo Requirements at 6V  Actuator  Mechanical  Stall Current   Example Servos (including, but not limited to)  Class Output Power  AndyMark High-Torque Servos (am-4954)  Axon MAX+ Servo (Axon MAX+)  DSSERVO 35KG Coreless (DS3235MG)  Servo  ≤ 8 watts @6V  ≤ 4 amps @6V  FEETECH Digital Servo (FT5335M-FB) goBILDA Dual Mode Servo (2000-0025-0003)  REV Robotics Smart Servo (REV-41-1097)  Studica Multi-Mode Smart Servo (75002)  Actuonix Micro Linear Servo (P8-100-252-12-R)  Linear Servo  N/A  ≤ 1 amps @6V  Hitec Linear Servo (HLS12-3050-6V)  Studica Linear Servo RC Actuator (75014)  Servo mechanical output power is approximated by the following formula (using 6V data reported by  manufacturer):  Mechanical Output Power = 0.25 x (Stall Torque in N-m) x (No Load Speed in rad/s)  •
R503	135	EVERGREEN	ROBOTS are limited to a total of 8 motors and 10 servos.	28	0		A ROBOT may not have more than 8 motors and 10 servos from the allowable actuator lists per R501 and R502 for all MECHANISMS used in all  configurations.
R504	135	EVERGREEN	Do not modify actuators unless explicitly allowed.	159	0		The integral mechanical and electrical system of any motor or servo must not be modified. Motors and servos used on the ROBOT shall not be modified  in any way, except as follows:  A.the mounting brackets and/or output shaft/interface (including pinion gears) may be  modified to facilitate the physical connection of the motor to the ROBOT and actuated part,  B.the electrical leads may be trimmed to length as necessary and connectors or splices to  additional wiring may be added (per R503), and purely electrical enclosures can be  substituted with functionally equivalent replacements,  C.servos may be modified as specified by the manufacturer (e.g., re-programming or  modification for continuous rotation),  D.minimal labeling may be applied to indicate device purpose, connectivity, functional  performance, etc. as long as the team applied label does not obstruct the markings used to  identify the device,  E.insulation may be applied to electrical terminals,  F.repairs, provided the original performance and specifications are unchanged, and   G.maintenance recommended by the manufacturer.
R505	136	EVERGREEN	All actuators must be controlled and powered through approved devices.	130	0		With the exception of servos, fans, or motors integral to sensors of COTS computing devices permitted in R501, all actuator  control signals must originate from a power regulating device. The only power regulating devices for  actuators permitted on the ROBOT are:   Table 12-3: Power Regulators and Limits  Power Regulating Device  Part Number  Load Limit per Device  goBILDA 6V Servo Power Injector  3125-0001-0001  2 Servos per Port  REV Control Hub or Expansion  REV-31-1153 /  2 Motors per Port  Hub Motor Ports  REV-31-1595  REV Control Hub or Expansion  REV-31-1153 /  2 Servos per Port  Hub Servo Ports  REV-31-1595  REV Servo Power Module  REV-11-1144  2 Servos per Port   REV Robotics Servo Hub  REV-11-1855  2 Servos per Port  REV SPARKmini  REV-31-1230  2 Motors per Device  Studica Servo Power Block  75005  2 Servos per Port
R506	136	EVERGREEN	No relays or alternative electrical actuation.	62	0		The application of electromechanical actuation through the use of additional relays, electromagnets, electrical solenoid actuators, or related systems is  prohibited. In addition, the use of relays and electromagnets is also prohibited.  12.6Power Distribution  In order to maintain safety, the rules in this section apply at all times while at the event, not just while the  ROBOT is on the FIELD for MATCHES.
R601	136	EVERGREEN	Battery limit - everyone has the same main ROBOT power.	142	0		The only legal source of electrical energy for the ROBOT control system and actuation during the competition, the ROBOT battery, must be 1 and  only 1 approved 12V NiMH main battery. The ROBOT main battery must have a COTS equivalent in-line  20A ATM mini blade fuse installed. Installed connectors may be replaced with other popular  connectors such as Anderson Powerpole, XT30, or any connector with a comparable power rating. The  only allowed ROBOT main power battery packs are:  Table 12-4: Legal ROBOT Main Power Battery Packs  Battery Pack  Part Number  Notes  AndyMark Flat Pack Battery DC 12V  am-5290  goBILDA 12V NiMH Nested Battery   3100-0012-0020 May be labeled as  Matrix 12V 3000mAh NiMH  14-0014 "Modern Robotics" REV 12V Slim Battery  REV-31-1302  Battery Pack  Part Number  Notes  Studica 12V 3000mAh NiMH  70025 TETRIX MAX 12V 3000mAh NiMH  W39057  Formerly 739023  WATTOS 12V Battery  WT-NMH1230
R602	137	EVERGREEN	Other batteries are only allowed for peripheral devices and LEDs only.	111	0		COTS USB battery packs with a capacity of 100Wh or less (27,000mAh at 3.7V), with 5V/5A max output or 12V/5A max output using  USB-PD per port, and batteries integral to a self-contained camera (e.g., GoPro style camera) may be  used provided they are:  A.connected only using unmodified COTS cables,   B.charged according to manufacturer recommendations,   C.securely fastened to the ROBOT,  D.not supplement power to any of the ROBOT actuators, and  E.not used by any devices receiving control signals from the ROBOT control system (i.e., COTS  USB battery packs must remain electrically isolated from the ROBOT power systems.).  Exceptions to part E of this rule are:  i.powered USB Hubs, and  ii.ROBOT CONTROLLER smartphones.
R603	137	EVERGREEN	Charge batteries with safe connectors.	16	0		Any battery charger used to charge a ROBOT battery must have a corresponding polarized connector installed.
R604	137	EVERGREEN	Charge batteries at a safe rate.	29	0		Any battery charger used to charge a ROBOT battery may not be used such that it exceeds a 3-amp average charge current. Follow all manufacturer recommendations when  charging batteries.
R605	137	EVERGREEN	Batteries are not ballast.	25	0		No batteries other than those allowed per R601 and R602 are allowed on the ROBOT, whether or not they are being used to supply power.
R606	138	EVERGREEN	Batteries should be securely mounted.	48	0		The ROBOT battery must be secured such that it will not dislodge during vigorous ROBOT interaction including if the ROBOT is turned over or placed in any  arbitrary orientation. Batteries must be mounted such that they are protected from direct contact with  other ROBOTS or any sharp edges.
R607	138	EVERGREEN	Electrical connections should be robust and must be insulated.	50	0		All electrical paths may include intermediate elements such as COTS connectors (Anderson Powerpole, XT30, and similar crimp or  quick-connect style connectors), splices, COTS flexible/rolling/sliding contacts, and COTS slip rings, as  long as the entire electrical pathway is via appropriately gauged/rated elements and all connections are  protected from accidental electrical shorts
R608	138	EVERGREEN	Limit non-battery energy.	53	0		Non-electrical sources of energy used by the ROBOT (i.e., stored at the start of a MATCH) shall come only from the following sources:  A.a change in the altitude of the ROBOT center of gravity, or  B.storage achieved by deformation of ROBOT parts including, but not limited to, springs,  rubber bands, surgical tubing, etc.
R609	138	EVERGREEN	Connect the ROBOT battery though the Main Power Switch.	119	0		Exactly one main power switch must control all power provided by the ROBOT battery pack to all power regulating devices on the ROBOT  (except as specified by R602) such that all the following conditions are met:    A.must be one of the following approved power switches:    Table 12-5: Legal Power Switches  Power Switch  Part Number  AndyMark FTC Power Switch w/ Bracket  am-4969  goBILDA Floodgate Power Switch  3103-0005-0001  REV Switch Cable and Bracket  REV-31-1387  Studica On/Off Power Switch Kit  70182  TETRIX R/C Switch Kit  W39129  WATTOS Power Switch Kit  WTS-SW1220  B.must be mounted or located where it is accessible to the team and FIELD STAFF   C.secondary power switches can be used on the 12V line downstream of the main power  switch.
R610	139	EVERGREEN	Fuse ratings should not be altered.	60	0		Fuses must not be replaced with fuses of higher rating than originally installed or according to manufacturer's specifications; fuses may not be shorted out. Fuses  must not exceed the rating of those closer to the battery. If necessary, a fuse may be replaced with a  smaller rating. Replaceable fuses must be single use only; self-resetting fuses (breakers) are not  allowed.
R611	139	EVERGREEN	The ROBOT frame is not a wire.	127	0		All wiring and electrical devices shall be electrically isolated from the ROBOT frame. The ROBOT frame must not be used to carry electrical current. Electrically grounding the  control system electronics to the frame of the ROBOT is only permitted such that all of the following  conditions are met:  A.straps/cables used must be from the following approved parts:   Table 12-6: Legal ROBOT Grounding Straps  Grounding Strap  Part Number  AndyMark Resistive Grounding Strap  am-4648a  REV Resistive Grounding Strap  REV-31-1269  Swyft Grounding Cable  SR-Ground-01  B.the strap/cable must directly connect to a fully COTS COMPONENT with an XT30 connector,  and also must connect directly to the frame of the ROBOT (via the resistive terminal), and  C.no ROBOT COMPONENTS or MECHANISMS are designed to electrically ground the ROBOT  frame to the FIELD.
R612	140	EVERGREEN	Electrical system must be inspectable.	16	0		All power regulating devices (per R505), associated wiring, and all fuses must be visible for inspection.
R613	140	EVERGREEN	No high voltage allowed except for LEDs.	48	0		Any active electrical item that is not an actuator (specified in R501) or power regulation device (specified in R505) is considered a CUSTOM CIRCUIT. CUSTOM  CIRCUITS shall not provide regulated output voltages exceeding 5V, except if solely used for powering  LEDs, but may pass through unregulated battery voltage.
R614	140	EVERGREEN	Energize Power Regulating Devices as specified.	160	0		All power regulating devices (R505) must be powered per the manufacturer's instructions and the following table must be true:   Table 12-7: Power Regulation Device Power Requirements  Power Regulating Device  Part Number  Method of Powering  Only powered using the XT30 connectors on the  goBILDA 6V Servo Power Injector  3125-0001-0001  device by the ROBOT main battery  REV Control Hub /  REV-31-1153 /  Only powered using the XT30 connectors on the  device by the ROBOT main battery  REV Expansion Hub   REV-31-1595  Only powered using the screw terminals and must  REV Servo Power Module  REV-11-1144  only be powered by the ROBOT main battery  Only powered using the power terminals and must  REV Robotics Servo Hub  REV-11-1855  only be powered by the ROBOT main battery  Only powered by the Power input and must only be  REV SPARKmini  REV-31-1230  powered by the ROBOT main battery  Only powered by JST-VH power connector, and  Studica Servo Power Block  75005  must only be powered by the ROBOT main battery
R615	140	EVERGREEN	Use appropriately sized wire.	151	0		All circuits shall be wired with appropriately sized insulated copper wire (SIGNAL LEVEL cables do not have to be copper):  Table 12-8: Wire sizing requirements  Application  Minimum Wire Size  12V Main Battery Power  18 AWG  (19 SWG or 1 mm2)  Motor Power (unless otherwise listed)  Application  Minimum Wire Size  11-20A fuse protected circuit  Motor Power - TETRIX MAX 12V DC Motors, REV  Robotics Core Hex (REV-14-1300)  22 AWG  PWM / Servo  (22 SWG or 0.5 mm2)  LEDs (5V / 12V)  ≤10A fuse protected circuit  SIGNAL LEVEL circuits (i.e., circuits which draw ≤1A  28 AWG  continuous and have a source incapable of delivering  >1A, including but not limited to: I2C, DIO, Analog,  (29 SWG or .08 mm2)  encoder and RS485 connections)  Integrated wires originally attached to legal COTS devices or wires included/sold by the manufacturer  are considered part of the device and by default legal. Such wires are exempt from this rule.
R616	141	EVERGREEN	Use specified wire colors.	82	0		All non-SIGNAL LEVEL wiring with a constant polarity (i.e., except for outputs of motor controllers, or sensors) shall be color-coded along their entire length from the  manufacturer as follows:   A.red, yellow, white, brown, or black-with-stripe on the positive (e.g., +12VDC, +5VDC)  connections, and  B.black or blue for the common or negative side (-) of the connections.  Exceptions to this rule include:  C.wires that are originally attached to legal devices and any extensions to these wires using  the same color as the manufacturer.
R617	141	EVERGREEN	Powered USB hubs must draw energy from approved sources.	40	0		Powered USB hubs used on the ROBOT can only be powered through one of the following ways:   A.an approved COTS USB battery Pack per R602, or  B.the 5V auxiliary power port on the REV Expansion Hub or REV Control Hub.
R618	142	EVERGREEN	Do not modify critical power paths.	43	0		CUSTOM CIRCUITS shall not directly alter the power or control pathways between:   A.the ROBOT battery and main power switch,   B.the main power switch and a power regulating device (per R609),   C.any two power regulating devices (per R613), or   D.power regulating devices and actuators.
R619	142	EVERGREEN	Do not mix and match power on or between power regulation devices.	166	0		The following rules must be adhered to when using power on any power regulation device (per R505):  A.other than power used to energize the power regulation device (per R614) no power  originating outside the power regulation device may be used on or with devices connected  to the power regulation device. The only exceptions are connections intended for  communication between devices (RS485/USB/PWM/etc.),  B.power originating from ports/connectors on power regulation devices may only be used for  devices directly connected to that port/connector. The only exception to this is +5V power  from the +5V power port on the REV Control Hub or REV Expansion Hub may be used in  conjunction with any Analog, Digital, or I2C port on that device. In addition, the +5V power  port may be used to power external devices, and  C.6V power provided by the goBILDA 6V Servo Power Injector, REV Servo Power Module, REV  Robotics Servo Hub, or Studica Servo Power Block may only be used for powering servos.  12.7Control, Command & Signals System
R701	143	EVERGREEN	Control the ROBOT with a single ROBOT CONTROLLER.	64	0		ROBOTS must be controlled via 1 programmable ROBOT CONTROLLER. The ROBOT CONTROLLER is the only source of control for the  ROBOT actuators and must be comprised of:    A.REV Control Hub (REV-31-1595), or  B.an allowed smartphone Android device connected to a REV Expansion Hub (REV-31-1153)   In addition to A or B, a ROBOT may also contain:  C.no more than one additional REV Expansion Hub (REV-31-1153).
R702	143	EVERGREEN	Teams may not alter coprocessor software.	35	0		Modifying software on coprocessors, unless explicitly permitted in this rule or rule R703, is not allowed by teams. Firmware updates in binary form provided  by the manufacturer may be applied as directed by the manufacturer.
R703	143	EVERGREEN	Some vision coprocessors can be programmed.	36	0		Programmable vision coprocessors that are natively supported by the FTC SDK may be programmed. The programmable vision coprocessors that are  supported are:  Table 12-9: Supported programmable vision coprocessors  Device  Part Number  Limelight Vision Limelight 3A LL_3A
R704	144	EVERGREEN	Use only legal Android smartphone devices.	68	0		Android smartphone devices, if used, must minimally be running the Android 7 (Nougat) operating system. The following table lists the legal Android  smartphones:   Table 12-10: Legal Android Smartphones  Phone  Notes  Motorola Moto G4 Play  Sometimes noted as "4th Generation"  Motorola Moto G5  Motorola Moto G5 Plus  USA versions only, includes SKUs  Motorola Moto E4  XT1765, XT1765PP, XT1766, and XT1767  Motorola Moto E5  XT1920  Motorola Moto E5 Play  XT1921
R705	145	EVERGREEN	Smartphone android devices used as a ROBOT CONTROLLER must connect to the REV Expansion	62	0		[headline] Hub using USB. If used as a ROBOT CONTROLLER, the smartphone android device must be connected  via its integrated micro-USB port to a REV Expansion Hub either:  A.a mini-USB to OTG Micro Cable, or  B.any combination of Mini USB Cable, a USB Hub (powered or unpowered) and an OTG Micro  adaptor (the OTG functionality can be integrated into the USB Hub).
R706	145	EVERGREEN	Bandwidth is restricted.	44	0		Software with access to the ROBOT network must limit the amount of data being streamed (i.e., continuous transmission of data) over Wi-Fi. Software may only stream robot  control data, debugging data, and telemetry to and from the ROBOT. No continuous video stream is  allowed.
R707	145	EVERGREEN	Configure devices for your team number.	61	0		The ROBOT CONTROLLER, DRIVER STATION, and any spares used must be configured/named to correspond to the correct team number as follows:  A.ROBOT CONTROLLER should be named <team number>-RC (e.g., 12345-RC),  B.DRIVER STATION should be named <team number>-DS (e.g., 12345-DS), and  C.If a spare ROBOT CONTROLLER or DRIVER STATION is configured, a letter designator may  be added <team number>-<letter>-RC/DS (e.g., 12345-A-DS, 12345-B-DS)
R708	145	EVERGREEN	Do not interfere with the ROBOT networks.	42	0		During a MATCH, all communications signals must originate from only the ROBOT CONTROLLER device or the DRIVER STATION device using the ROBOT  CONTROLLER Wi-Fi network. No other devices may attempt to connect to, interfere with, or alter the  ROBOT CONTROLLER Wi-Fi network.
R709	145	EVERGREEN	No other wireless allowed.	23	0		No form of wireless communication shall be used to communicate to, from, or within the ROBOT, except those specified per R706 and R708.
R710	145	EVERGREEN	Use assigned Wi-Fi bands and/or channels if requested.	61	0		Teams may be asked by the Event Director to use a specific Wi-Fi frequency band or channel on the day of competition. If requested, teams are  required to do so. Teams may work with the FTA or wireless technical advisor (WTA) to find an  alternate frequency band or channel if the suggested band/channel is deemed problematic by the FTA  or WTA.
R711	146	EVERGREEN	ROBOT CONTROLLER must be visible for inspection.	25	0		The ROBOT CONTROLLER device must be mounted on the ROBOT such that the diagnostic lights, or device screen if applicable, can be visible for  inspection.
R712	146	EVERGREEN	Only specified modifications to core control system devices permitted.	220	0		The DRIVER STATION device and software, Android-based ROBOT CONTROLLER device, main and secondary power switch(es),  power regulation devices, fuses, and batteries shall not be tampered with, modified, or adjusted in any  way (tampering includes drilling, cutting, machining, rewiring, disassembling, painting, removing  enclosures and replacing with custom enclosures, etc.), with the following exceptions:  A.wires, cables, and signal lines may be connected via the standard connection points  provided on the devices,  B.fasteners (including adhesives) may be used to attach devices to the OPERATOR CONSOLE  or ROBOT or to secure cables to the device,  C.thermal interface material may be used to improve heat conduction,  D.labeling may be applied to indicate device identification, purpose, connectivity, functional  performance, etc. as long as they do not cover labels or markings used to identify the  product,  E.jumpers may be changed from their default location,  F.jumpers or switches may be moved to configure devices per the manufacturer's manual,  G.device firmware may be updated with manufacturer supplied firmware,  H.integral wires on motor controllers and batteries may be cut, stripped, and/or connectorized,  I. devices except batteries may be repaired, provided the performance and specifications of  the device after the repair are identical to those before the repair,   J.add insulating material to exposed conductors,   K.tape may be applied for debris protection, and  L.power switch mounting brackets can be modified or replaced.
R713	147	EVERGREEN	Always keep control system device software up to date.	240	0		The following table lists the recommended software versions for each core control electronics module, and a link on how to update this software.  Note that some devices have multiple pieces of software that may need to be updated each season,  and not all software is available prior to Kickoff each season. Check the FIRST Tech Challenge Blog for  release announcements.   Regardless of the versions selected, it is highly recommended that the installed ROBOT CONTROLLER  App and DRIVER STATION App versions match major and minor values to ensure compatibility as not  all software versions are compatible with each other.  Table 12-11: Recommended Software for Control System Devices  Software and Minimum  Device How to Update  Recommended Versions Control Hub OS   Updating the Control Hub OS REV Control Hub (REV-31-1595)  Recommended: 1.1.2  Hub Firmware   REV Control Hub (REV-31-1595)  Updating the Hub Firmware Recommended: 1.8.2  ROBOT CONTROLLER App   REV Control Hub (REV-31-1595)  Updating the ROBOT CONTROLLER App Recommended: 11.0  Hub Firmware   REV Expansion Hub (REV-31-1153)  Updating the Hub Firmware Recommended: 1.8.2  Android Smartphone  ROBOT CONTROLLER App   Updating the ROBOT CONTROLLER App (ROBOT CONTROLLER device)  Recommended: 11.0  Android Smartphone  DRIVER STATION App   Updating the DRIVER STATION App (DRIVER STATION device)  Recommended: 11.0  Driver Hub OS   REV Driver Hub (REV-31-1596)  Updating the Driver Hub OS Recommended: 1.2.0  DRIVER STATION App   REV Driver Hub (REV-31-1596)  Updating the DRIVER STATION App Recommended: 11.0  REV Servo Hub Firmware  REV Servo Hub (REV-11-1855)  Updating the REV Servo Hub Recommended: 25.0.2
R714	148	EVERGREEN	USB is for vision.	31	0		Only the following devices may be connected to the ROBOT control system using USB:  A.webcams and optical vision sensors per R715,  B.USB hub or USB switch, and  C.a REV Expansion Hub.
R715	148	EVERGREEN	Use only supported USB vision.	45	0		Only single image sensor vision devices that are natively supported by the ROBOT CONTROLLER app are allowed to connect to USB (stereoscopic cameras are not allowed).  This includes the following:  A.all UVC compatible USB webcams (Logitech C270, and related), and  B.Vision coprocessors allowed per R703.
R716	148	EVERGREEN	Recording devices are okay.	25	0		Self-contained video recording devices (GoPro or similar) are allowed providing they are used only for non-functional post-MATCH viewing and the wireless capability is  turned off.
R717	148	EVERGREEN	Lasers must be safe.	33	0		Lasers are not allowed unless they meet all of the following criteria: A.must be part of a sensor,  B.must be rated as IEC/EN 60825-1" Class I" or IEC/EN 62471 "Exempt," and  C.non-visible spectrum.
R718	148	EVERGREEN	Configure Android devices appropriately.	112	0		ROBOT CONTROLLER and DRIVER STATION Android devices (smartphones, REV Control Hub, REV Driver Hub) must additionally be configured in the  following ways:  A.REV Control Hub users must change the Wi-Fi password to a non-default password,  B.smartphone users must enable Airplane Mode,  C.on ROBOT CONTROLLER and DRIVER STATION Android devices, Wi-Fi must be enabled and  Bluetooth must be disabled, and  D.on smartphones and REV Driver Hub, remove all remembered Wi-Fi Direct Groups and Wi-Fi  connections, leaving only the ROBOT CONTROLLER Wi-Fi connection.  12.8Pneumatic Systems  In order to maintain safety, the rules in this section apply at all times while at the event, not just while the  ROBOT is on the FIELD for MATCHES.
R801	149	EVERGREEN	No Pneumatics.	20	0		No closed air systems are allowed on FIRST Tech Challenge ROBOTS except for those explicitly listed in R207.  12.9OPERATOR CONSOLE
R901	150	EVERGREEN	Use only a specified DRIVER STATION device.	52	0		The OPERATOR CONSOLE may only have one approved android-based DRIVER STATION device connected and powered on. The OPERATOR  CONSOLE must have at least one of the following:   A.REV Driver Hub (REV-31-1596), or  B.Approved Android Device from rule R704 with one OTG cable and COTS USB cable to  connect the required gamepad controller(s).
R902	150	EVERGREEN	The OPERATOR CONSOLE must make the touch screen accessible.	79	0		The OPERATOR CONSOLE, the set of COMPONENTS and MECHANISMS used by the DRIVE TEAM to relay commands to the ROBOT,  must make the touch screen of the DRIVER STATION device accessible. The DRIVER STATION device  must be positioned within the OPERATOR CONSOLE so that the screen display can be clearly seen  during inspection and in a MATCH. The DRIVER STATION device touch screen must be functional  without the requirement of additional aides (e.g., mouse) in order to be used.
R903	150	EVERGREEN	Only limited gamepads are supported	132	0		. The OPERATOR CONSOLE may have no more than 2 electrically unmodified gamepads in any combination from the following list connected to the DRIVER  STATION at any time:   Table 12-12: Allowed Gamepads on OPERATOR CONSOLE  Gamepad  Part Number  Notes  Logitech F310 gamepad  940-00010  Xbox 360 Controller for Windows  52A-00004  Operating in wired mode only (i.e., connected  Sony DualShock 4 Wireless  N/A  through USB cable without being Bluetooth  Controller for PS4  paired to any device)  Sony DualSense Wireless  This DOES NOT include the Sony DualSense  N/A Controller for PS5  Edge Wireless Controller in any configuration  Newer versions of this device may not support  Etpark Wired Controller for PS4  REV-39-1865  all functionality provided by the FTC SDK  REV Robotics USB PS4  REV-31-2983 Compatible Gamepad  Quadstick game controller in  any model Xbox 360 Emulation Mode
R904	151	EVERGREEN	OPERATOR CONSOLE physical requirements.	44	0		The OPERATOR CONSOLE, including all power sources, must not exceed a volume of 3ft wide, 1ft 2in deep and 2 ft tall (91.4 cm by 35.5 cm by 61.0 cm)  excluding any items that are held or worn by the DRIVERS during the MATCH.
R905	151	EVERGREEN	ROBOT application wireless communication only.	46	0		Other than the connection controlled by the ROBOT CONTROLLER app running on the ROBOT and the DRIVER STATION app running on the DRIVER  STATION device, no other form of wireless communications shall be used to communicate to, from, or  within the OPERATOR CONSOLE during a MATCH.
R906	151	EVERGREEN	No unsafe or unfair OPERATOR CONSOLES.	123	0		OPERATOR CONSOLES shall not be made using hazardous materials, be unsafe, cause damage, cause an unsafe condition, distract, or interfere with  other DRIVE TEAMS or the operation of other ROBOTS.  13Tournament (T)  13.1Overview  Each FIRST Tech Challenge competition is played in a head-to-head tournament format. Each tournament may  consist of Qualification MATCHES and Playoff MATCHES.  Qualification MATCHES allow each team to earn MATCH points and RANKING POINTS which determine their  seeding position and may qualify them for participation in the Playoff MATCHES.  Playoff MATCHES determine the event winning ALLIANCE.  These rules apply to all event types described in section 4 Advancement.  Additional rules may apply to  League Meets and League Tournaments as covered by section 14 League Play Tournaments (L).  13.2General Tournament Rules
T201	153	EVERGREEN	The Head REFEREE has ultimate and final authority regarding gameplay during the event.	119	0		The Head REFEREE may receive input from additional sources, e.g., FIRST personnel, FTA, Event Director,  Program Delivery Partner, and other event staff. The Head REFEREE rulings are final. No event staff,  including the Head REFEREE, will review video, photos, artistic renderings, etc. of any MATCH, from any  source, under any circumstances.  A.When issuing a RED CARD or YELLOW CARD the Head REFEREE must record the rule  violation.  B.Event Directors and Program Delivery Partners may not overrule a Head REFEREE decision.  C.FIRST Code of Conduct and Egregious violations may involve escalation beyond the Head  REFEREE'S initial ruling.  D.Every Qualification and Playoff MATCH must be observed by a certified Head REFEREE.  Head REFEREES may only watch 1 MATCH at a time.
T202	153	EVERGREEN	Only REFEREES can declare a ROBOT DISABLED.	68	0		A ROBOT is only considered DISABLED once a REFEREE has declared the ROBOT DISABLED during a MATCH. A ROBOT may be DISABLED as a  consequence of a rule violation or due to a ROBOT failure. If a REFEREE DISABLES a ROBOT as a  consequence for a rule violation, the REFEREE may instruct the team to drive the ROBOT to a specific  neutral position on the FIELD before DISABLING.
T203	154	EVERGREEN	The Event Director has ultimate authority regarding all non-gameplay decisions during an event.	92	0		The Competition Manual is intended to provide a set of rules for the competition including gameplay and  judging but it is not an exhaustive compilation of guidelines for running a FIRST Tech Challenge event.   Issues outside of specific gameplay rules which are under the authority of the Head REFEREE per T201 are at the discretion of the Event Director such as, but not limited to:  A.venue access as published via the public schedule  B.pit sizes and utility access  C.health and safety  D.team registration and competition eligibility  E.team conduct away from the ARENA
T204	154	EVERGREEN	All competition FIELDS at an event must be consistent with each other.	51	0		Events which have multiple competition FIELDS (as indicated by the MATCH schedule Figure 13-1) will be consistent with each  other. Examples of set-up which must be considered includes but is not limited to:  A.elevation of the FIELD off the floor  B.FIELD display monitors  C.FIELD perimeter type  D.FIELD TILE size and type
T205	154	EVERGREEN	During optional FIELD measurement and calibration time(s) ROBOTS may not practice on the FIELD.	28	0	VERBAL WARNING. YELLOW CARD if subsequent violations during the event.	During any period when the ARENA is open for measurement, ROBOTS may run OpModes but cannot  move the ROBOT (e.g., CHASSIS) under its own power around the FIELD.
T206	155	EVERGREEN	No team timeouts, but MATCHES have breaks.	88	0		Teams playing in back-to-back MATCHES will have a minimum break between their MATCHES as follows:   A.In Qualification MATCHES, each team will have a minimum of 5 minutes from when the  MATCH results are posted from their previous match until the expected start time of their  next MATCH for the purpose of G301.  B.In Playoff MATCHES, each team will have a minimum of 8 minutes from when MATCH  results are posted from their previous MATCH until the expected start time of their next  MATCH for the purpose of G301.
T207	155	EVERGREEN	MATCHES are played in order	83	0		Qualification and Playoff MATCHES will be played in numerical order except for extenuating circumstances at the discretion of the Head REFEREE in consultation with the  Event Director. All Qualification MATCHES must be played before the start of ALLIANCE selection and  all Playoff MATCHES for the current round must be played before the start of the next round. The  timing of MATCHES played out of order or replayed MATCHES will be communicated by FIELD STAFF  or event personnel to the teams involved.  13.3MATCH Replays
T301	157	EVERGREEN	Replays are allowed, but rare.	177	0		MATCH replays are only allowed in extreme circumstances due to an ARENA FAULT or for MATCHES which are stopped because FIELD STAFF anticipated FIELD damage or  personal injury.   An ARENA FAULT is an error in ARENA operation that includes, but is not limited to:  A.broken FIELD elements due to normal, expected game play, or ROBOT abuse of FIELD  elements that affects the outcome of the MATCH for their opponents,  B.FIELD elements moving beyond normal tolerances (not as the result of ROBOT interaction)  C.Wide-spread wireless interference affecting multiple ROBOTS typically at the same time and  on both ALLIANCES,  D.failure of the MATCH timer display, or  E.errors by FIELD STAFF (except those listed in section 10.8 Other Logistics).  To replay a MATCH the Head REFEREE must determine that an ARENA FAULT which is MATCH  affecting has occurred and a team on the affected ALLIANCE must request the replay. In addition,  FIRST Headquarters reserves the right to, with consultation of the Head REFEREE and FIELD STAFF,  replay any MATCH in which an ARENA FAULT impacts the outcome of an event.
T302	158	EVERGREEN	Replays will replicate the conditions of the original MATCH.	273	0		All reasonable effort is made to create the same conditions when replaying a MATCH caused by an ARENA FAULT or FIELD damage. This  includes:  A.a ROBOT that was not present for the MATCH or DISABLED prior to the start of the original  MATCH, which is to be replayed, is DISABLED for the replay MATCH  B.the same FIELD will be used unless otherwise deemed necessary by the Head REFEREE due  to severity of FIELD damage  Exceptions to this rule are:  C.ROBOT and DRIVE TEAM starting locations and pre-loaded SCORING ELEMENTS do not  need to be replicated when replaying a MATCH  13.4Clarifications on MATCH Play Results ("Question Box")  Each event will have one or more designated Question Boxes in the ARENA area. If a DRIVE TEAM has a  question about a MATCH, the FIELD, etc., they may send one STUDENT wearing a DRIVE TEAM badge to their  corresponding Question Box. Depending on timing, the Head REFEREE or FTA may postpone any requested  discussion until the end of the subsequent MATCH.  Technical questions regarding FIELD or ROBOT operation are addressed by the FTA, and additional team  members are invited to participate in these conversations if necessary. If a DRIVE TEAM needs clarification on  a ruling or MATCH results, per T401, one STUDENT should address the Head REFEREE after the MATCH results  have been shown.   While the FIRST event management software tracks quantities of MINOR and MAJOR FOULS, FIRST instructs  REFEREES to not self-track details about MINOR FOULS and MAJOR FOULS; as a result, we do not expect  REFEREES to recall details about what MINOR FOULS and MAJOR FOULS were made, when they occurred, and  against whom.
T401	159	EVERGREEN	1 STUDENT, 1 Head REFEREE.	30	0	The Head REFEREE will not address additional, non-compliant team members or peripheral  conversations.	A team may only address the Head REFEREE with 1 STUDENT. The STUDENT may be accompanied by at most 1 silent observer, who may be an adult or a STUDENT.
T402	159	EVERGREEN	MATCH questions must be timely.	95	0		If a team would like to clarify or dispute the results of a MATCH using the process per T401 they must present their STUDENT representative in the question box in a  timely manner as outlined below:  A.questions regarding events in a Qualification MATCH may be asked at any time before  ALLIANCE selection begins, or within 5 minutes of the last Qualification MATCH at events  without Playoff MATCHES   B.questions regarding events in a Playoff MATCH must be asked before the start of the next  Playoff round or, for the last Playoff MATCH, immediately following the MATCH.
T403	159	EVERGREEN	Keep questions factual and constructive.	950	0		Teams coming to the Question Box should think through their requests in advance and are encouraged to have relevant references to rules or the Q&A website available to aid discussions.  13.5Practice MATCHES  Practice MATCHES are played before Qualification MATCHES, at events that have them. The Practice MATCH  schedule is available as soon as possible but no later than the start of Practice MATCHES. Schedules may also  be available on the FTC-Events site if the tournament is connected to the internet. Practice MATCHES are  randomly assigned, and teams may not switch scheduled Practice MATCHES. Each team is assigned an equal  number of Practice MATCHES unless the number of teams multiplied by number of Practice MATCHES is not  divisible by 4. In this case, the event management software randomly selects some teams to play an extra  Practice MATCH.   Practice MATCHES are not guaranteed at all events due to schedule constraints.   13.5.1Filler Line   A Filler Line is used to fill open slots at events that employ scheduled Practice MATCHES or all slots at events  with an open Practice MATCH schedule. Teams from the Filler Line are used on a first come, first served basis  to fill empty spots in Practice MATCHES left by other teams that do not report to Queueing. The number of  teams in the Filler Line is dependent upon space at venues.   Only teams that meet all criteria below qualify for the Filler Line:   A.ROBOTS in the Filler Line must have passed inspection (this requirement may be waived for  events with open Practice MATCH schedules),   B.DRIVE TEAMS must join the Filler Line with their ROBOT,   C.teams may not work on their ROBOT while in the Filler Line,   D.teams may not occupy more than 1 spot in the Filler Line, and   E.if a team is queued for their Practice MATCH, they may not also join the Filler Line.  13.6Qualification MATCHES  13.6.1Schedule  The Qualification MATCH schedule is made available as soon as possible, but no later than 15 minutes before  Qualification MATCHES are scheduled to begin. Only teams who are eligible and have completed check-in on  time will be included in the schedule per I102 and E105. Teams will receive access to the schedule through  one or more of the following methods: 1 printed hard copy, notice of publicly posted hardcopy available to  photograph, and/or local digital schedule display. Schedules may also be available on the FTC-Events site if  the tournament is connected to the internet. Each qualification schedule consists of a series of rounds in  which each team plays 1 MATCH per round.  All event types will schedule either 5 or 6 Qualification MATCHES per team as determined by the Event Director  based on available schedule time allocated. FIRST Championship, FIRST Premier Events, and Regional  Championship Tournaments may schedule more MATCHES per team at the discretion of FIRST Headquarters  and the Event Director.  A MATCH schedule is used to coordinate MATCHES at an event. Figure 13-1 details information shown on  each schedule. SURROGATE MATCHES are described in section 13.6.2 MATCH Assignment.   Figure 13-1: Sample MATCH Schedule  13.6.2MATCH Assignment  FIRST event management software assigns each team 1 ALLIANCE partner for each Qualification MATCH  using a predefined algorithm, and teams may not switch Qualification MATCH assignments. The algorithm  employs the following criteria, listed in order of priority:  1.ensure each team has at least the minimum required time between MATCHES (varies by event size)  2.minimize the number of times a team is allied with any team  3.minimize the number of times a team plays opposite any team  4.minimize the use of SURROGATES (teams randomly assigned by event management software to  play an extra Qualification MATCH)  5.provide even distribution of MATCHES played on blue and red ALLIANCE  All teams are assigned the same number of Qualification MATCHES, equal to the number of rounds, unless the  number of teams multiplied by number of MATCHES is not divisible by 4. In this case, the FIRST event  management software randomly selects some teams to play an extra MATCH. For the purpose of seeding  calculations, those teams are designated as SURROGATES for the extra MATCH. If a team plays a MATCH as a  SURROGATE, it is indicated on the MATCH schedule with an * after their team number, it is always their third  Qualification MATCH, and the outcome of the MATCH has no effect on the team's ranking. YELLOW and RED  CARDS assigned to SURROGATES, however, do carry forward to subsequent MATCHES.  If a team is scheduled to play in a back-to-back MATCHES (e.g., Qualification MATCH 40 and 41) they will  receive a minimum break per T206 before their next MATCH.  13.6.3Qualification Ranking  RANKING POINTS (RP) are units credited to a team based on their ALLIANCE'S performance in Qualification  MATCHES. These points are awarded to each eligible team at the completion of each Qualification MATCH per  Table 10-2.  A team's RANKING SCORE (RS) is the average number of RANKING POINTS earned by a team throughout their  Qualification MATCHES (excluding any SURROGATE MATCH).   All teams participating in Qualification MATCHES are ranked by RANKING SCORE. If the number of teams in  attendance is 'n', they are ranked '1' through 'n', with '1' being the team with the highest RANKING SCORE and  'n' being the team with the lowest RANKING SCORE. SURROGATE MATCHES are excluded from all  calculations. A MATCH in which a team is DISQUALIFIED contributes 0 to all sort criteria.  Teams are ranked in order, using the sorting criteria defined in Table 13-1  Table 13-1: Qualification MATCH ranking criteria  Order  Criteria  Sort  1st RANKING SCORE (RS)  Average ALLIANCE MATCH points, not including MINOR FOULS and MAJOR FOULS (Average  2nd MATCH points minus FOULS)   3rd Average BASE points  4th Average AUTO points   5th Random sort by the FIRST event management software
T601	162	EVERGREEN	DISQUALIFICATION applies only to the DISQUALIFIED team in Qualifications.	84	0		During Qualification MATCHES, a team DISQUALIFICATION has no effect on their ALLIANCE partner.  13.7Playoff MATCHES  Playoff MATCHES follow the Qualification MATCHES. In the Playoffs, teams play on set ALLIANCES, chosen  during ALLIANCE selection, and advance through a double elimination bracket to determine an event winner.  Teams do not earn RANKING POINTS; they advance based on winning or losing MATCHES. If a team is  DISQUALIFIED during Playoff MATCHES, the DISQUALIFICATION applies to the entire ALLIANCE, and all teams  in the ALLIANCE receive 0 MATCH points.
T701	163	EVERGREEN	Send a STUDENT representative.	31	0	Teams who do not send a representative are ineligible for the playoff tournament	Each team must choose and send a STUDENT team representative to the ARENA at the designated ALLIANCE selection time (typically just after the last scheduled  Qualification MATCH) to represent their team.
T702	163	EVERGREEN	Declining teams cannot be picked.	20	0	The ALLIANCE CAPTAIN must make another selection	An ALLIANCE CAPTAIN may not invite a team that has declined another ALLIANCE'S invitation to participate in the playoff tournament.
T703	163	EVERGREEN	There are no backup teams in Playoff MATCHES.	12	0		An ALLIANCE may not request a backup team in a Playoff MATCH.
T704	163	EVERGREEN	During Playoff MATCHES, teams may have more ARENA access.	68	0		At the direction of the Event Director, during the Playoff MATCHES teams may need extra team members to maintain the ROBOT  between MATCHES in a timely manner. Each team is permitted to have up to 3 additional pit crew  members to help with needed ROBOT repairs. These team members should be granted the same  ARENA access as the DRIVE TEAM but may not participate in any MATCH play.
T705	163	EVERGREEN	Multiple DISQUALIFICATION is handled specially.	1800	0		During Playoff MATCHES, 1 or more ALLIANCE DISQUALIFICATIONS are handled accordingly:   A.if an ALLIANCE is DISQUALIFIED, the DISQUALIFIED ALLIANCE loses  B.if both ALLIANCES are DISQUALIFIED, the one that is DISQUALIFIED first chronologically  loses   C.if, in the judgement of the Head REFEREE, both ALLIANCES are simultaneously  DISQUALIFIED, the MATCH results in a tie  13.7.1ALLIANCE Selection Process  At the end of the Qualification MATCHES, the top ranked teams become the ALLIANCE leads. The designated  STUDENT representative from each ALLIANCE lead is called the ALLIANCE CAPTAIN. This representative may  change between ALLIANCE selection and Playoff MATCHES.  The ranked ALLIANCES are designated, in order, ALLIANCE 1, ALLIANCE 2, etc., down to the maximum number  of ALLIANCES shown in Table 13-2. Using the ALLIANCE selection process described in this section, each  ALLIANCE lead chooses 1 other team to join their ALLIANCE.   If the team accepts, it becomes a member of that ALLIANCE. If an invitation from an ALLIANCE lead to another  ALLIANCE lead is accepted, all lower ALLIANCE leads are promoted 1 spot. The highest-ranked, unselected  team becomes the newest ALLIANCE lead.  If the number of complete ALLIANCES in Table 13-2 cannot be formed (e.g., due to too many declining teams,  due to teams leaving early) the event will proceed by playing with incomplete ALLIANCES. ALLIANCES with 0  teams will grant an automatic win to the opponent and the MATCH will be skipped. ALLIANCES with only 1  team will play the MATCH 1 versus 2.   13.7.2Playoff MATCH Bracket  The Playoff MATCH bracket is how the event winners are determined.  The number of ALLIANCES for an event is determined by the number of teams who are eligible to participate in  the Playoffs based on all Qualification MATCH participating teams as shown in Table 13-2.  Table 13-2: Number of playoff ALLIANCES based on all Qualification Match participating teams  Total playoff  Number of playoff  eligible teams  ALLIANCES formed  4-10 Teams  2  11-20 Teams  4  21-40 Teams  6  41-64 Teams  8  The double elimination tournament consists of an upper and lower bracket that will scale based on the number  of ALLIANCES. Tournaments with 2 ALLIANCES will have those ALLIANCES face each other in the finals.   Each ALLIANCE begins in the upper bracket. If an ALLIANCE wins a MATCH in the upper bracket, they remain  in the upper bracket. If an ALLIANCE loses a MATCH in the upper bracket, they transition to the lower bracket.  ALLIANCES in the lower bracket must win all subsequent MATCHES to remain in the tournament, i.e., once  they lose 2 total MATCHES, they are out of the tournament.  Ties play another MATCH until the MATCH results in 1 winner.   In Round 1, the higher ranked ALLIANCE is assigned to the red ALLIANCE. For subsequent rounds, ALLIANCE  color is assigned as shown in Figure 13-2, regardless of ALLIANCE rank at the start of the playoff tournament.  As shown in Figure 13-2, Playoff MATCHES consist of up to 6 rounds with breaks between later rounds. Breaks  begin after the MATCH RESULTS have been posted from the latest MATCH. The Blue and Red Gap columns  indicate the approximate time between each ALLIANCE'S MATCHES. The expected start time of the scheduled  MATCH is the time indicated on the MATCH schedule or 8 minutes from the end of either ALLIANCE'S previous  MATCH, whichever is later per T206.   Figure 13-2: 8-ALLIANCE playoff bracket  If a Playoff MATCH needs to be replayed as described in section 13.3 MATCH Replays or an additional  MATCH needs to be played due to tie, teams are notified of when the MATCH will occur. A minimum 8-minute  delay is provided for teams to reset their ROBOTS prior to the MATCH unless all teams are ready sooner  (T206). The affected MATCH must be played before the next round begins.  13.7.32-ALLIANCE Bracket and Typical Timing  Figure 13-3: 2-ALLIANCE playoff bracket  Table 13-3: 2-ALLIANCE playoff bracket typical timing  Gap  Next MATCH  (min) (MATCH # (ALLIANCE color)) Upper/  Estimated  Round MATCH  Lower  FIELD Blue Red Blue Red  Winner  Loser  Start (min)  8-minute break  Judges' Choice* (1), Innovate/Design/Control Award (1)  0  Finals  1  1  A2  A1  M2  M2  15  8-minute break  Sustain/Reach/Connect Award (1)  18  Finals  2  1  A2  A1  0:15 0:15  M3*  M3*  33  8-minute break  Think Award (1)  36  Finals  3*  1  A2  A1  0:10 0:10  46  Awards: Compass*, Finalists, Winners, and Inspire Award (1)  49  * if required  **Awards may be given out after the conclusion of the playoff bracket at the discretion of the Event Director. 13.7.44-ALLIANCE Bracket and Typical Timing  Figure 13-4: 4-ALLIANCE playoff bracket  Table 13-4: 4-ALLIANCE playoff typical timing  Gap  Next MATCH  (min) (MATCH # (ALLIANCE color)) Upper/  Estimated  Round MATCH  Lower  FIELD Blue Red Blue Red  Winner  Loser  Start (min)  1  Upper  1  A4  A1  M4 (R)  M3 (R)  0  1  2  Upper  1  A3  A2  M4 (B)  M3 (B)  6  8-minute break  9  3  Lower  1  L2  L1  0:08 0:14  M5 (B)  4th  17  2  4  Upper  1  W2  W1  0:14 0:20  M6 (R)  M5 (R)  23  8-minute break  Judges' Choice* (1), Design Award (1), Reach Award (1)  26  3  5  Lower  1  W3  L4  0:21 0:15  M6 (B)  3rd  34  8-minute break  Control Award (1), Innovate Award (1), Sustain Award (1)  37  Finals  6  1  W5  W4  0:15 0:33  M7*  M7*  45  8-minute break  Connect Award (1), Think Award (1)  48  Finals  7*  1  W5  W4  0:15 0:15  56  Awards: Compass*, Finalists, Winners, and Inspire Award (2, 1)  59  *If Required  **Awards may be given out after the conclusion of the playoff bracket at the discretion of the Event Director. 13.7.56-ALLIANCE Bracket and Typical Timing  Figure 13-5: 6-ALLIANCE playoff bracket  Table 13-5: 6-ALLIANCE playoff bracket typical timing  Gap  Next MATCH  (min) (MATCH # (ALLIANCE color)) Upper/  Estimated  Round MATCH  Lower  FIELD Blue Red Blue Red  Winner  Loser  Start (min)  1  Upper   1  A5  A4  M3 (B)  M6 (B)  0  1  2  Upper   2  A6  A3  M4 (B)  M5 (B)  6  3  Upper  1  W1  A1  0:09  M7 (R)  M5 (R)  12  2  4  Upper  2  W2  A2  0:09  M7 (B)  M6 (R)  18  5  Lower  1  L2  L3  0:15 0:09  M8 (B)  24  3  Tied 5th  6  Lower  2  L1  L4  0:27 0:09  M8 (R)  30  7  Upper  1  W4  W3  0:15 0:21  M10 (R)  M9 (R)  36  4  8  Lower  2  W5  W6  0:15 0:09  M9 (B)  4th  42  8-minute break  Judges' Choice* (1), Design Award (2, 1), Reach Award (2, 1)  45  5  9  Lower  1  W8  L7  0:15 0:21  M10 (B)  3rd  53  8-minute break  Control Award (2, 1), Innovate Award (2, 1), Sustain Award (2,1)  56  Finals  10  1  W9  W7  0:15 0:39  M11*  M11*  64  8-minute break  Connect Award (2, 1), Think Award (2, 1)  67  Finals*  11  1  W9  W7  0:15 0:15  75  Awards: Compass*, Finalists, Winners, and Inspire Award (3, 2, 1)  78  * if required  **Awards may be given out after the conclusion of the playoff bracket at the discretion of the Event Director.  13.7.68-ALLIANCE Bracket and Typical Timing  Figure 13-6: 8-ALLIANCE playoff bracket  Table 13-6: 8-ALLIANCE playoff bracket typical timing  Gap  Next MATCH  (min) (MATCH # (ALLIANCE color)) Upper/  Estimated  Round MATCH  Lower  FIELD  Blue  Red  Blue  Red  Winner  Loser  Start (min)  1  Upper   1  A8  A1  M7 (R)  M5 (R)  0  2  Upper   2  A5  A4  M7 (B)  M5 (B)  6  1  3  Upper   1  A7  A2  M8 (R)  M6 (R)  12  4  Upper   2  A6  A3  M8 (B)  M6 (B)  18  5  Lower  1  L2  L1  0:15  0:21  M10 (B)  24  Tied 7th  6  Lower  2  L4  L3  0:09  0:15  M9 (B)  30  2  7  Upper  1  W2  W1  0:27  0:33  M11 (R)  M9 (R)  36  8  Upper  2  W4  W3  0:21  0:27  M11 (B)  M10 (R)  42  9  Lower  1  W6  L7  0:15  0:09  M12 (B)  48  3  Tied 5th  10  Lower  2  W5  L8  0:27  0:09  M12 (R)  54  11  Upper  1  W8  W7  0:15  0:21  M14 (R)  M13 (R)  60  4  12  Lower  2  W9  W10  0:15  0:09  M13 (B)  4th  66  8-minute break  Judges' Choice* (1), Design Award (3,2,1), Reach Award (3,2,1)  69  5  13  Lower  1  W12  L11  0:15  0:21  M14 (B)  3rd  77  8-minute break  Control Award (3,2,1), Innovate Award (3,2,1), Sustain Award (3,2,1)  80  Finals  14  1  W13 W11  0:15  0:39  M15*   M15*  88  8-minute break  Connect Award (3,2,1), Think Award (3,2,1)  91  Finals*  15  1  W13 W11  0:15  0:15  99  Awards: Compass*, Finalists, Winners, and Inspire Award (3, 2, 1)  102  * if required  **Awards may be given out after the conclusion of the playoff bracket at the discretion of the Event Director. 13.8Dual Division Events  Dual Division events are typically larger events which run as 2 different competition events (e.g., 2 parallel  Qualifying Tournaments each with a minimum of 2 fields each) with concurrent judging for all teams. After the  Playoff MATCHES have concluded in each division, the 2 division winning ALLIANCES compete to determine  the overall event winner.   Advancement from a Dual Division event is defined in section 13.8.1 Dual Division Advancement Points.  In Dual Division events, teams can be assigned to division in a few different methods briefly described below.  For complete details reference the event management software documentation. The method used is at the  discretion of the local Program Delivery Partner.   A.Random Assignment - Random division assignment take the team list, shuffles it, and splits the list in  half. If equal division sizes cannot be made, the software randomly chooses which division will have an  extra team.   B.FIM Method - Algorithm is based on the process developed by FIRST in Michigan (FIM) and utilizes a  "brute force randomizer" approach. It attempts to balance ROBOT performance while maintaining a  decent factor of randomness. Teams are ranked based on a qualification performance metric based on  the two best events and then assigned to quartiles and distributed between divisions such that each  quartile is equally represented. Division assignments are measured against several metrics to ensure  divisions are closely matched.   C.Alternating Assignment - Alternating division assignment sorts the team list by team number, then  assigns teams by alternating divisions while iterating through the team list. The lowest team number  will be assigned Division 1, the next Division 2, then Division 1, etc.   D.Child League Split-up (only available for League Tournaments) - Algorithm attempts to balance the  representation of each child league in each division.   E.OPR Method - Algorithm attempts to balance the ROBOT performance across the division. It  calculates every team's Offensive Power Rating (OPR) for every official event they competed in for the  current season and selects each team's highest OPR. Then it ranks all the teams by highest OPR and  alternately assigns teams from highest to lowest OPR into each division.   F.Manual - The Program Delivery Partner can upload a list of manually assigned teams.  In addition to rules listed in previous manual sections, Dual Division event have the following rules:
T801	171	EVERGREEN	Divisions will use the same size playoff brackets.	25	0		The number of playoff ALLIANCES will be determined based on the number of playoff eligible teams in the smaller division as shown in Table  13-2.
T802	171	EVERGREEN	Dual-Division awards are given at the event level.	14	0		All awards are judged and awarded at the tournament level, not the division level.
T803	171	EVERGREEN	Dual-Division award counts are based on total teams.	1741	0		The number of awards distributed at a Dual Division event is determined using Table 6-1.  13.8.1Dual Division Advancement Points  For Dual Division events, advancement points are calculated per Table 4-1 except for playoff advancement  points which are instead calculated as described in Table 13-7 below.   Table 13-7: Dual Division Playoff Advancement Points  Category  Advancement Points Earned  40 points for 1st Place (Winners)  20 points for 2nd Place (Finalists)  Playoff Advancement  10 points for all Division Finalists   5 points for all Division 3rd Places  13.8.2Dual Division Playoffs  Each division plays a standard tournament as described in Section 13.6 Qualification MATCHES followed  by Divisional Playoffs to produce the Division Winning ALLIANCE. Those 2 Division Winners have their win-loss  records reset and proceed to play each other in a 2-ALLIANCE double eliminations bracket.  Divisions are ranked by the criteria in Table 13-1 excluding RANKING SCORE.   Figure 13-7: 2-ALLIANCE grand finals playoff bracket (Dual Division)   Dual division events will play divisional playoff brackets and then the two ALLIANCES will play as shown in  Figure 13-7. The first to win 2 will be the event winner. An example of Dual Division Playoff Timing is shown in  Table 13-8.  Table 13-8: 6-ALLIANCE Dual Division playoff bracket typical timing  Gap  Next MATCH  (min) (MATCH # (ALLIANCE color)) Upper/  Estimated  Round  MATCH  Lower  FIELD Blue  Red  Blue  Red  Winner  Loser  Start (min)  1  Upper   1  A5  A4  M3 (B)  M6 (B)  0  1  2  Upper   2  A6  A3  M4 (B)  M5 (B)  6  3  Upper  1  W1  A1  0:09  M7 (R)  M5 (R)  12  2  4  Upper  2  W2  A2  0:09  M7 (B)  M6 (R)  18  5  Lower  1  L2  L3  0:15 0:09  M8 (B)  24  3  Tied 5th  6  Lower  2  L1  L4  0:27 0:09  M8 (R)  30  7  Upper  1  W4  W3  0:15 0:21  M10 (R)  M9 (R)  36  4  8  Lower  2  W5  W6  0:15 0:09  M9 (B)  4th  42  8-minute break  45  5  9  Lower  1  W8  L7  0:08 0:14  M10 (B)  3rd  53  8-minute break  56  Finals  10  1  W9  W7  0:08 0:25  M11*  M11*  64  8-minute break  67  Finals*  11  1  W9  W7  0:08 0:08  F1  75  End of Divisional Playoffs/ Judges Choice*(1), Design Award, (3, 2, 1), Reach Award (3, 2, 1)  78  Event Finals 1  F1  1  DivA DivB 0:15 0:15  F2  F2  86  8-minute break  Control Award (3, 2, 1), Innovate Award (3, 2, 1), Sustain Award (3, 2, 1) 89  Event Finals 2  F2  1  DivA DivB 0:08 0:08  F3*  F3*  97  8-minute break  Connect Award (3, 2, 1), Think Award (3, 2, 1)  100  Event Finals 3*  F3*  1  DivA DivB 0:08 0:08  108  Awards: Compass*, Div. Finalists, Division Winners, Event Finalist, Event Winners and Inspire Award (3, 2, 1)  111  * if required  **Awards may be given out after the conclusion of the playoff bracket at the discretion of the Event Director.  14League Play Tournaments (L)  Not all regions offer participation in League play. Leagues are closed groups of teams which play in multiple  different League Meet events typically spread over several weeks or months. All the teams in the same League  should have the opportunity to play in a roughly equal number of MATCHES. A minimum of 10 League Meet  MATCHES should be played by all teams in the League.  League Meet events each play between 5 and 6 Qualification MATCHES per team as described in section 13.6  Qualification MATCHES but do not include Playoff MATCHES or judging for awards.   In addition, the behavior described in section 10.6.1 YELLOW and RED CARDS, VERBAL WARNINGS, and  CARDS also clear at the end of each League Meet event.   Teams may belong to only 1 League per season and can participate in only 1 League Tournament per season.  A team can participate in a League outside their region, provided that is the only league they participate in. A  team may not advance from a League Tournament to a Regional Championship that is outside of their region  unless the Program Delivery Partners in both regions have agreed to move a team to a new region for the  entire season.  League Tournaments function the same as a Qualifying Tournament including judging and advancement  except that qualification rankings as described in section 13.6 Qualification MATCHES, used for both  ALLIANCE Selection and Qualification Round Performance Points, are calculated with the addition of each  team's top 10 MATCHES played at any League Meet and the matches played at the League Tournament. Top  MATCHES are defined by the sort order in Table 13-1.  Teams that played fewer than 10 MATCHES at League Meets will have RANKING POINTS, MATCH Points, and  all scoring criteria, that are effectively 0 for the missing MATCHES.  League Tournament advancement (Table 4-1) is calculated only using team performance at the League  Tournament except for the Qualification Round Performance which is based on the League Tournament  Ranking which include the top 10 League Meet MATCHES as described above.   15FIRST Championship (C)  At the 2025-26 FIRST Championship, teams are split into 6 divisions. Each division plays a standard  tournament as described in section 13.6 Qualification MATCHES and section 13.7 Playoff MATCHES to  produce the Division Winning ALLIANCES. Those 6 Division Winning ALLIANCES proceed to the Championship  Playoffs, on the FIRST Championship FIELD(s), to determine the 2025-26 FIRST Tech Challenge Championship  Winners, per 15.5 FIRST Championship .  15.1Awards Modifications  The Judging process will be modified for the FIRST Championship to accommodate for venue limitations and  the large number of teams at the event. The process and awards modifications are described below.  Awards from section 6 Awards (A) are all awarded in each division only, except for as shown in Table 15-1.  All teams attending the FIRST Championship are eligible for any team judged award they meet the criteria for  regardless of awards won at prior events.  Table 15-1: FIRST Championship Awards  Award  Per Division  FIRST Championship  Inspire Award  1st, 2nd and 3rd Place  1st Place*  FIRST Leadership Award  0  10  Compass Award  0  1  *The FIRST Championship Inspire Award Winner will be selected from one of the  6 Division Inspire Award Winners.  15.1.1Championship Portfolio Submissions  As outlined in A201 and A202, teams have the opportunity submit a team PORTFOLIO to be used as part of the  judging process. For the FIRST Championship, teams will be required to submit their PORTFOLIOS online  ahead of the event. PORTFOLIO submission instructions can be found in the FTC Scoring - Team and Coach  Guide. PORTFOLIOS can be uploaded between March 27th and April 6th at 11:59 PM CDT. For any issues with  PORTFOLIO submissions please email customerservice@firstinspires.org.  15.1.2Championship Interview Process  At the FIRST Championship, instead of a structured interview, teams will be judged in pit-based interviews.  Teams must attend the initial pit interview to be considered for any judged awards at the FIRST Championship.   During the initial pit interview, teams will have up to 10 minutes to talk to the JUDGES. There are no restrictions  on the number of people or restrictions on recordings of audio or video, or photos besides restrictions outlined  in E117 during the pit-based interviews.   Initial interviews consist of the following:  A.In addition to submitting their PORTFOLIOS as outlined in Section 15.1.1, teams are encouraged to  have an electronic or physical copy of their PORTFOLIO or other supporting materials available to  reference during this interview.  B.Teams have the opportunity to give a prepared 5-minute uninterrupted presentation   C.Teams will be asked the same baseline questions:  a.Did your team have to make any compromises in your ROBOT design?  b.How did your team set your goals and strategies for the season?   D.If time allows, teams may be asked additional questions by the JUDGES on   a.Machine, Creativity, and Innovation (MCI) topics  b.Team Attributes (TA) topics  After this initial interview is conducted, JUDGES will continue the judging process using information they  gather from the PORTFOLIO (if submitted) and additional interviews outlined in section 6.1.3 Pit  Interview(s).  15.1.3Championship Compass Award Submissions  Videos for Compass Award at the FIRST Championship can be submitted by Lead Coach 1 or 2 using the  submission form by April 8th.  15.2Game Modification  Game modifications for the FIRST Championship are outlined below.   15.2.1FIELDS  All division FIELDS will be placed on risers which are elevated approximately 24 in. (60.95 cm) from the floor.  All DRIVE TEAM members and FIELD STAFF will be at floor level. Approximately 50% of the practice FIELDS  will also be elevated for teams to use. To see examples of how the elevated FIELD looks, please watch the field  tour video from Kickoff.   FIELDS at the FIRST Championship will include the following changes which are aesthetic in nature and will not  affect the performance of the FIELD or impact ROBOT designs:  Metal FIELD components (including the RAMP brackets and extrusions) will be black anodized.  - All AprilTags will be printed in a matte material which is more glare resistant.  - The two side faces of the OBELISK will be partially obstructed, and teams should not rely on these  - "side" AprilTags to determine the randomized MOTIF selected in each MATCH. The face of the  OBELISK facing the FIELD will not be obstructed.   Several of the screw and nut fasteners used to attach metal brackets to the GOAL will be replaced  - with aluminum pop-rivets.  There will be decorative signs attached to the outside of the clear panels of the rear FIELD wall,  - facing the FIELD. These will be white plastic panels with logos and divisional information.  15.2.2Scoring and Timing  At FIRST Championship, the transition between AUTO and TELEOP is 15 seconds, instead of the 8-second  transition mentioned in Section 10.1, Section 10.4, Table 9-1, and Section 16 in the definition of MATCH.  15.33-ROBOT ALLIANCES  ALLIANCES at the FIRST Championship will be made up of 3 ROBOTS. Before each division playoff  tournament, ALLIANCES are selected per the process as described in section 13.7.1 ALLIANCE Selection  Process; however, the process continues with a 2nd round of selection as follows:  Round 2: The same method is used for each ALLIANCE lead's second choice except the selection order is  reversed, with ALLIANCE 8 picking first and ALLIANCE 1 picking last. This process results in 8 ALLIANCES of 3  teams each.  ALLIANCES may start each of their MATCHES with any 2 of the 3 ROBOTS on their ALLIANCE during Division  and Championship Playoff MATCHES. ALLIANCES do not need to inform FIELD STAFF of which 2 ROBOTS will  play ahead of the MATCH but must not delay the start of the MATCH per G301 by making a late decision.
C301	179	EVERGREEN	Replays use the same ROBOTS.	393	0		If a Playoff MATCH must be replayed, the 2 ROBOTS used in the replay must be the same as in the original MATCH. The sole exception is: if, in the opinion of the Head  REFEREE, the ARENA FAULT rendered a ROBOT inoperable, in which case the ROBOTS can be changed.  If an additional MATCH is played due to a tie, any 2 of the 3 ROBOTS may be played in the additional  MATCH.   15.4FIRST Championship Pit Crews  Each team on an ALLIANCE playing in the FIRST Championship Playoffs may have an additional 3 pit crew  team members inside the ARENA to assist with pre-MATCH strategy, ROBOT repair and maintenance, and  other team support functions per T704. Additional pit crew members must stay in the pit areas of the ARENA.  The additional team members may be adults or STUDENTS.  15.5FIRST Championship Playoffs  Each division will play in an 8-ALLIANCE double elimination playoff tournament, as outlined in Section 13.7.6  8-ALLIANCE Bracket and Typical Timing. The ALLIANCE that wins their division playoff bracket is the  Division Champion.  15.5.1da Vinci Tournament MATCH Bracket  The 6 Division Champions play a round-robin style tournament. In this format, each Division Champion plays 1  MATCH against each of the other Division Champions. The order of MATCHES is shown in Table 15-2.  Table 15-2 da Vinci playoff schedule  Field 3  Field 1  Field 2  Field 4  Round MATCH  Blue Red Blue Red Blue Red  Blue Red 1  Franklin  Edison  1  2  Goodall  Jackson  3  Ross  Lovelace  Break 4  Franklin  Goodall  2  5  Jackson  Ross  6  Edison  Lovelace  Break  7  Franklin  Jackson  3  8  Edison  Ross  9  Goodall  Lovelace  Break  10  Ross  Franklin  4  11  Edison  Goodall  12  Lovelace  Jackson  Break  13  Goodall  Ross  5  14  Jackson  Edison  15  Lovelace  Franklin  Break  Event Finals 1  RR2  RR1  Break Event Finals 2  RR2  RR1  Break  Event Finals 3*  RR2  RR1  *As needed  15.5.2da Vinci Round-Robin Tournament Ranking  In the FIRST Championship da Vinci round-robin tournament, ALLIANCES do not earn any Ranking Points; they  earn Championship Points. Championship Points are units credited to an ALLIANCE based on their  performance in each MATCH and are awarded at the completion of each da Vinci round-robin tournament  round.   The winning ALLIANCE receives 2 Championship Points.   • The losing ALLIANCE receives 0 Championship Points.   • In the event of a tied score, each ALLIANCE receives 1 Championship Point.   •
C501	181	GAMESPEC	da Vinci round-robin DISQUALIFICATIONS are handled differently	1973	0		. A team and/or ALLIANCE that is DISQUALIFIED from a da Vinci round-robin MATCH, as determined by the Head REFEREE, causes their  ALLIANCE to receive 0 Championship Points and 0 for all other round-robin ranking criteria for the  MATCH.  The total number of Championship Points earned by an ALLIANCE throughout the da Vinci round-robin  MATCHES divided by the number of da Vinci round-robin MATCHES in which they have been scheduled is their  Championship Score (CS).   All ALLIANCES participating in da Vinci round-robin MATCHES are ranked as shown in Table 15-3.  Table 15-3: da Vinci Round-Robin Tournament Ranking Criteria  Order Sort Criteria 1st Championship Score (CS)  Average ALLIANCE MATCH points, not including MINOR FOULS and MAJOR FOULS  2nd (Average MATCH points minus FOULS)   3rd Average BASE points  4th Average AUTO points  5th Random sort by the FIRST event management software  15.5.3FIRST Championship da Vinci Finals  The 2 ALLIANCES with the highest rank at the conclusion of the da Vinci round-robin tournament advance to  the da Vinci Finals with rank 1 as the red ALLIANCE and rank 2 as the blue ALLIANCE. In the da Vinci Finals,  ALLIANCES do not earn Ranking Points or Championship Points.   The first ALLIANCE to win 2 MATCHES in da Vinci Finals is declared the 2026 FIRST Tech Challenge  Champions.   During the da Vinci Finals, if the MATCH score of each ALLIANCE is equal (i.e., the MATCH resulted in a tie), an  additional MATCH will be played.  16Glossary  The following definitions and terms are used for the FIRST Tech Challenge game DECODE. Defined terms are in  ALL CAPITAL LETTERS throughout the manual (for example, ALLIANCE). Competition rules mean what they  plainly say. If a word is not given a game definition, then you should use its common conversational meaning.  Term  Definition  ALLIANCE  a cooperative of 2 FIRST Tech Challenge teams  a 96 in. (243.85 cm) wide by 54 in. (137.15 cm) deep by infinitely tall volume  ALLIANCE AREA  formed by placing ALLIANCE colored tape onto the flooring surface outside  of the FIELD.   The designated STUDENT representative from each ALLIANCE lead is called  ALLIANCE CAPTAIN  the ALLIANCE CAPTAIN.  includes all elements of the game infrastructure that are required to play this  season's FTC game including: the FIELD, SCORING ELEMENTS, queue area,  ARENA  team media area, and all equipment needed for FIELD control, ROBOT  control, and scorekeeping  ARENA FAULT  ARENA FAULT is an error in ARENA operation  An ARTIFACT is a 5 in. (12.70 cm) nominal Gopher ResisDent™ polypropylene  ARTIFACT  ball ALLIANCE neutral SCORING ELEMENT.  the first 30 seconds of the MATCH, during which DRIVERS may not provide  AUTO  input to their ROBOTS, so ROBOTS operate with only their pre-programmed  instructions  A scoring accomplishment in which ROBOT must be either fully returned or  BASE  partially returned to their BASE ZONE.  an 18 in. +/- 0.125 in. (45.70 cm +/- 0.30 cm) wide by 18 in. +/- 0.125 in.  (45.70 cm +/- 0.30 cm) deep infinitely tall volume bounded by ALLIANCE  BASE ZONE  colored tape  CHASSIS  ROBOT'S MAJOR MECHANISM that enables it to move around a FIELD  An ARTIFACT that passes through the SQUARE and transitions directly to the  CLASSIFIED  RAMP  a structure attached to the GOAL which has 3 main components: the  CLASSIFIER  SQUARE, RAMP, and GATE  any part in its most basic configuration, which cannot be disassembled  COMPONENT  without damaging or destroying the part or altering its fundamental function  Term  Definition  CONTINUOUS  describes durations that are more than approximately 10 seconds  an action by a ROBOT in which the SCORING ELEMENT is fully supported by  or stuck in, on, or under the ROBOT or it intentionally pushes a SCORING  ELEMENT to a desired location or in a preferred direction (i.e., herding).  CONTROL requires contact with a ROBOT, either directly or transitively  through other SCORING ELEMENTS. Typically, CONTROL requires one of the  CONTROL  following to be true:  A.The SCORING ELEMENT is fully supported by the ROBOT  B.The ROBOT is moving the SCORING ELEMENT in a preferred direction  with a flat or concave face of the ROBOT  a standard (i.e., not custom order) part commonly available from a VENDOR  COTS  for all teams for purchase  Any active electrical item that is not an actuator (specified in R501) or power  CUSTOM CIRCUIT  regulation device (specified in R505)   the white tape approximately 30 in. (76.20 cm) long which spans the entire  DEPOT  length of the GOAL front face and is located at the base of the GOAL  The REFEREE instructs the team to stop the ROBOT which will deactivate all  DISABLED  outputs, rendering the ROBOT inoperable for the remainder of the MATCH  the state of a team in which they receive 0 MATCH points and 0 RANKING  DISQUALIFIED  POINTS in a Qualification MATCH or causes their ALLIANCE to receive 0  MATCH points in a Playoff MATCH  DRIVE COACH  a guide or advisor  a set of up to 4 people from the same FIRST Tech Challenge team  DRIVE TEAM  responsible for team performance for a specific MATCH   DRIVER  an operator and controller of the ROBOT   Android device (smartphone or REV Driver Hub) that runs the DRIVER  DRIVER STATION  STATION App software to communicate with a ROBOT per R901 any COMPONENT or MECHANISM that has been altered, built, cast,  constructed, concocted, created, cut, heat treated, machined, manufactured,  FABRICATED ITEM  modified, painted, produced, surface coated, or conjured partially or  completely into the final form in which it will be used on the ROBOT  an approximately 144 in. by 144 in. (365.75 cm by 365.75 cm) area bounded  FIELD  by the inside surface of the walls  Term  Definition  volunteers present in and around the ARENA that are responsible for making  sure the MATCHES are cycled through efficiently, fairly, safely, and with a  FIELD STAFF  spirit of cooperation, Gracious Professionalism, and generosity of spirit  FTA  FIRST Technical Advisor   an ALLIANCE specific FIELD element that prevents CLASSIFIED ARTIFACTS  GATE  from exiting the RAMP   a 2.75 in. (7.00 cm) wide by 10 in. (25.40 cm) long infinitely tall volume  GATE ZONE  bounded by 2 parallel 10 in. (25.40 cm) long ALLIANCE colored tape  segments adjacent to each GATE  a 3-sided structure with a horizontal triangular shaped opening at the top  GOAL  HUMAN PLAYER  a SCORING ELEMENT manager  a person determined by FIRST to accurately and efficiently assess the legality  INSPECTOR  of a given part or the whole of a ROBOT, an event volunteer role  JUDGES meet with teams to learn about and celebrate the unique journey  and accomplishments of each team and evaluate these against award  JUDGE  requirements. JUDGES interact with STUDENTS during the interview process,  and in the pits. As a group, JUDGES determine the teams that receive awards  at events  An action by a ROBOT in which the SCORING ELEMENT is shot into the air,  LAUNCH/LAUNCHING  propelled across the floor to a desired location or in a preferred direction, or  thrown in a forceful way the white tape which bounds 2 triangular LAUNCH ZONES, as well as 2  LAUNCH LINE  segments of white tape located at the base of the GOAL  infinitely tall triangular volumes bounded by LAUNCH LINES and the FIELD  LAUNCH ZONE  perimeter  a scoring accomplishment in which a ROBOT must move such that it is no  LEAVE  longer over any LAUNCH LINE at the end of AUTO  an approximately 23 in. (58.40 cm) wide by 23 in. (58.40 cm) deep infinitely  LOADING ZONE  tall volume bounded by white tape and the adjoining FIELD perimeters  LRI  the Lead ROBOT INSPECTOR   MAJOR FOUL  a credit of 15 points towards the opponent's MATCH point total  a group of COMPONENTS and/or MECHANISMS assembled together to  MAJOR MECHANISM  address at least 1 game challenge: ROBOT movement, SCORING ELEMENT  Term  Definition  manipulation, FIELD element manipulation, or performance of a scorable task  without the assistance of another ROBOT.  a 30-second AUTO period, an 8-second transition period between AUTO and  MATCH  TELEOP, and a 2-minute TELEOP period in which the ROBOT plays the current  season game  an assembly of COMPONENTS that provide specific functionality on the  MECHANISM  ROBOT. A MECHANISM can be disassembled (and then reassembled) into  individual COMPONENTS without damage to the parts.  MINOR FOUL  a credit of 5 points towards the opponent's MATCH point total  MOMENTARY  describes durations that are fewer than approximately 3 seconds  a series of ARTIFACT colors, comprised of 2 purple (P) and 1 green (G), in a  MOTIF  unique order  OBELISK is an equilateral triangular prism located just outside of the FIELD  OBELISK  perimeter  the set of COMPONENTS and MECHANISMS used by the DRIVE TEAM to  OPERATOR CONSOLE  relay commands to the ROBOT  An ARTIFACT that passes through the SQUARE but does not meet  OVERFLOW  CLASSIFIED criteria  A scoring achievement in which points are scored based on the color of the  PATTERN  ARTIFACT on the RAMP matching the individual index color defined by the  MOTIF   an action by a ROBOT that is preventing the movement of an opponent  PIN/PINNING  ROBOT by contact, either direct or transitive (such as against a FIELD  element)  A document used as part of the judging process with requirements outlined  PORTFOLIO  in A201 RAMP  A structure that can fit up to 9 CLASSIFIED ARTIFACTS   credited to a team based on their ALLIANCE'S performance in Qualification  RANKING POINTS (RP)  MATCHES  A team's RANKING SCORE (RS) is the average number of RANKING POINTS  RANKING SCORE (RS)  earned by a team throughout their Qualification MATCHES   a penalty issued by the Head REFEREE for egregious ROBOT or team member  RED CARD  behavior or rule violations which results in a team being DISQUALIFIED for  the MATCH.  Term  Definition  an official who is certified by FIRST to enforce the rules of the current  REFEREE  season's game, an event volunteer role  REPEATED  describes actions that happen more than once within a MATCH  an electromechanical assembly built by a FIRST Tech Challenge team to play  the current season's game and includes all the basic systems required to be  ROBOT  an active participant in the game -power, communications, control, and  movement about the FIELD  Android device (smartphone or REV Control Hub) that runs the ROBOT  ROBOT CONTROLLER  CONTROLLER app to control the ROBOT as defined in R701 A ROBOT SIGN simultaneously identifies a ROBOT'S team number as well as  ROBOT SIGN  its ALLIANCE affiliation for FIELD STAFF.   SCORING ELEMENT  There is 1 type of SCORING ELEMENT used in DECODE: the ARTIFACT.  an approximately 46.5 in. (118.10 cm) long by approximately 6.125 in. (15.55  cm) wide infinitely tall volume bounded by ALLIANCE colored tape, the GOAL  SECRET TUNNEL ZONE  assembly, the LOADING ZONE, and the adjoining FIELD perimeter  a term used to characterize circuits which draw ≤1A continuous and have a  source incapable of delivering >1A, including but not limited including but not  SIGNAL LEVEL  limited to REV Control and Expansion Hub sensor input/output signals (DIO,  analog, I2C, encoder, 485)  1 of 6 white tape marks 10 in. (25.40 cm) long used to identify the placement  SPIKE MARK  of 3 ARTIFACTS before the MATCH  SQUARE  a location at the top of the RAMP at which ARTIFACT scoring is assessed   STARTING CONFIGURATION  the physical configuration in which a ROBOT starts a MATCH  a person who has not completed high-school, secondary school, or the  STUDENT  comparable level in their home region as of September 1st a team randomly assigned by event management software to play an extra  SURROGATE  Qualification MATCH  second period of each MATCH is 2 minutes (2:00) long and called the  TELEOP  teleoperated period (TELEOP). During TELEOP, DRIVERS remotely operate  ROBOTS  TILE  flooring surface of the FIELD is made of 36 interlocking soft foam TILES  a legitimate business source for COTS items that satisfies criteria defined in  VENDOR  section 12 ROBOT Construction Rules (R) Term  Definition  VERBAL WARNING  a warning issued by event staff or the Head REFEREE  a warning issued by the Head REFEREE for egregious ROBOT or team  YELLOW CARD  member behavior or rule violations  WTA  wireless technical advisor an event volunteer role
